-- phpMyAdmin SQL Dump
-- version 5.2.1
-- https://www.phpmyadmin.net/
--
-- Gép: 127.0.0.1
-- Létrehozás ideje: 2024. Nov 13. 12:25
-- Kiszolgáló verziója: 10.4.32-MariaDB
-- PHP verzió: 8.2.12

SET SQL_MODE = "NO_AUTO_VALUE_ON_ZERO";
START TRANSACTION;
SET time_zone = "+00:00";


/*!40101 SET @OLD_CHARACTER_SET_CLIENT=@@CHARACTER_SET_CLIENT */;
/*!40101 SET @OLD_CHARACTER_SET_RESULTS=@@CHARACTER_SET_RESULTS */;
/*!40101 SET @OLD_COLLATION_CONNECTION=@@COLLATION_CONNECTION */;
/*!40101 SET NAMES utf8mb4 */;

--
-- Adatbázis: `feladat1`
--

-- --------------------------------------------------------

--
-- Tábla szerkezet ehhez a táblához `konyvtarak`
--

CREATE TABLE `konyvtarak` (
  `id` int(11) NOT NULL,
  `konyvtarNev` varchar(200) NOT NULL,
  `irsz` varchar(4) NOT NULL,
  `cim` varchar(36) NOT NULL
) ENGINE=InnoDB DEFAULT CHARSET=utf8 COLLATE=utf8_hungarian_ci;

--
-- A tábla adatainak kiíratása `konyvtarak`
--

INSERT INTO `konyvtarak` (`id`, `konyvtarNev`, `irsz`, `cim`) VALUES
(1, 'A B cs-Kiskun Megyei nkorm nyzat K˘rh za. Orvosi Knyvt r', '6000', 'NyĄri Łt 38.'),
(2, 'A Bakonyi Termszettudom nyi MŁzeum Knyvt ra', '8420', 'R k˘czi tr 1'),
(3, 'A Blaskovich MŁzeum Knyvt ra', '2766', 'MŁzeum Łt 13.'),
(4, 'A Borsod-AbaŁj-Zempln Megyei K˘rh z Kzponti Orvosi Knyvt ra', '3526', 'Szentpteri kapu 72-76.'),
(5, 'A Dri MŁzeum Knyvt ra', '4026', 'Dri tr 1.'),
(6, 'A Dob˘ Istv n V rmŁzeum Knyvt ra', '3300', 'V r 1.'),
(7, 'A Dr. Kenessey Albert K˘rh z-Rendelintzet Orvosi Knyvt r', '2660', 'R k˘czi Łt 125-127.'),
(8, 'A Fehrgyarmati V rosi nkorm nyzat K˘rh za Orvosi Szakknyvt r', '4901', 'Damjanich u. 1.'),
(9, 'A Fejr Megyei MŁzeumok Igazgat˘s ga. Az Intercisa MŁzeum Knyvt ra', '2400', 'V rosh za tr 4.'),
(10, 'A Finta MŁzeum Knyvt ra', '5420', 'Attila u. 1.'),
(11, 'A Fv rosi nkorm nyzat Budai Gyermekk˘rh za Knyvt ra', '1025', 'Cserje u. 14.'),
(12, 'A Fv rosi Pedag˘giai Intzet Szakknyvt ra', '1088', 'Vas u. 8-10.'),
(13, 'A Gcseji MŁzeum Knyvt ra', '8900', 'Batthy ny u. 2.'),
(14, 'A Gyrffy Istv n Nagykun MŁzeum Knyvt ra', '5300', 'K lvin u. 4.'),
(15, 'A HajdŁs gi MŁzeum Knyvt ra', '4220', 'Kossuth u. 1.'),
(16, 'A Hans gi MŁzeum Knyvt ra', '9200', 'F Łt 19.'),
(17, 'A J sz MŁzeum Knyvt ra', '5100', 'T ncsics Mih ly u. 5.'),
(18, 'A Johan Bla Orsz gos Kzegszsggyi Intzet Knyvt ra', '1097', 'Gy li Łt 2-6.'),
(19, 'A J˘sa Andr s MŁzeum Szakknyvt ra', '4400', 'BenczŁr tr 21.'),
(20, 'A Kaposi M˘r Megyei K˘rh z Arat˘ Mikl˘s Orvosi Knyvt ra', '7400', 'Talli n Gy. u. 20-34.'),
(21, 'A Karacs Ferenc MŁzeum Knyvt ra', '4150', 'Kossuth u. 28.'),
(22, 'A Katona J˘zsef MŁzeum Knyvt ra', '6000', 'Bethlen krt. 1.'),
(23, 'A Kiskun MŁzeum Knyvt ra', '6100', 'Dr. Holl˘ Lajos u. 9.'),
(24, 'A Kultur lis Innov ci˘s AlapĄtv ny Knyvt ra', '1035', 'Mikl˘s tr 1.'),
(25, 'A Magyar Elektrotechnikai MŁzeum Szakknyvt ra', '1075', 'Kazinczy u. 21.'),
(26, 'A Magyar Ör˘szvetsg Knyvt ra', '1062', 'Bajza u. 18.'),
(27, 'A Magyar Olaj- s G zipari MŁzeum AlapĄtv ny Knyvt ra', '8900', 'Wlassics Gyula Łt 13.'),
(28, 'A Magyar Tudom nyos Akadmia kol˘giai s Botanikai Kutat˘intzetnek Knyvt ra', '2163', 'Alkotm ny u. 2-4.'),
(29, 'A Malomipari Kutat˘ s Fejleszt Kft. Szakknyvt ra', '1024', 'Kis R˘kus u. 15/b.'),
(30, 'A Markhot Ferenc Oktat˘k˘rh z-Rendelintzet Orvosi Knyvt ra', '3300', 'Szchenyi u. 27-29.'),
(31, 'A Megyei JogŁ V ros K˘rh za. Orvosi Knyvt r', '8800', 'Szekeres J. u. 2-6.'),
(32, 'A Művelds H za  Knyvt r s Csete Bal zs Helytrtneti Gyűjtemny', '5137', 'Jubileum tr 7.'),
(33, 'A Művelds H za s Knyvt ra', '3950', 'Etvs Łt 6.'),
(34, 'A N˘gr di Trtneti MŁzeum Knyvt ra', '3100', 'MŁzeum tr 2.'),
(35, 'A Pal˘c MŁzeum Knyvt ra', '2660', 'Pal˘c liget 1.'),
(36, 'A Semmelweis K˘rh z Orvosi Szakknyvt ra', '6400', 'Dr. Monszpart L. u. 1.'),
(37, 'A Somogy Megyei Levlt r Knyvt ra', '7400', 'Rippl-R˘nai tr 1.'),
(38, 'A Somogy Megyei Td- s SzĄvk˘rh z Orvosi Knyvt ra', '7257', 'Petfi u. 4.'),
(39, 'A Tan Kapuja Buddhista Fiskola Szakknyvt ra', '1098', 'Brzsny u. 13.'),
(40, 'A Tatab nyai MŁzeum Szakknyvt ra', '2800', 'Szent Borb la tr 1.'),
(41, 'A Thorma J nos MŁzeum Knyvt ra', '6400', 'Kzt rsas g u. 2.'),
(42, 'A Tiszazugi Fldrajzi MŁzeum Knyvt ra', '5430', 'Kossuth Łt 101.'),
(43, 'A Tolna Megyei nkorm nyzat K˘rh za. Orvosi Knyvt r', '7100', 'Bri-Balogh ľ. u. 5-7.'),
(44, 'A TŁri Fazekas MŁzeum Knyvt ra', '5400', 'Damjanich Łt 2/A.'),
(45, 'A V rosi nkorm nyzat K˘rh za  Orosh za. Orvosi Knyvt r', '5900', 'Kond u. 59.'),
(46, 'A Vas Megyei Markusovszky K˘rh z  a Pcsi Orvostudom nyi Egyetem s a Haynal Imre Egszsgtudom nyi Egyetem Oktat˘k˘rh za Orvosi Knyvt ra', '9700', 'Markusovszky u. 3.'),
(47, 'A Vas Megyei MŁzeumok Igazgat˘s ga. A N dasdy Ferenc MŁzeum Knyvt ra', '9600', 'V rkerlet 1.'),
(48, 'A Veszprm Megyei Csolnoky Ferenc K˘rh z-Rendelintzet Orvosi Knyvt ra', '8200', 'K˘rh z u. 1.'),
(49, 'A Viski K roly MŁzeum Knyvt ra', '6300', 'Szent Istv n kir ly Łt 25.'),
(50, 'A Zala Megyei Levlt r Szakknyvt ra', '8900', 'Szchenyi tr 3.'),
(51, 'Abonyi Lajos Műveldsi H z  Knyvt r s MŁzeumi Ki llĄt˘hely', '2740', 'K lvin J. u.1.'),
(52, 'Abonyi éti Fi˘kknyvt r', '5000', 'Abonyi Łt 36.'),
(53, 'ľcsi Bart˘k Bla Műveldsi H z  Knyvt r s V rosi Sportcsarnok', '2941', 'Zichy park 1.'),
(54, 'Adventista Teol˘giai Fiskola Knyvt r', '2119', 'R day u. 12.'),
(55, 'Ady Endre Knyvt r', '3000', 'Radn˘ti tr 2.'),
(56, 'Ady Endre Knyvt r éjhatvani Fi˘kknyvt r', '3000', 'Msz ros L z r Łt 13.'),
(57, 'Ady Endre Műveldsi H z s Knyvt r', '6411', 'Ady Endre u. 2.'),
(58, 'Ady Endre Műveldsi H z s Knyvt r', '4492', 'Kossuth u. 60.'),
(59, 'Ady Endre Műveldsi Kzpont s Knyvt r', '4090', 'Barankovics tr 6.'),
(60, 'Ady Endre Műveldsi Kzpont s Knyvt r', '2536', 'Kossuth Lajos u. 89.'),
(61, 'Ady Endre Műveldsi Kzpont s V rosi Knyvt r', '4181', 'Ady tr 10.'),
(62, 'Ady Endre V rosi Knyvt r s Műveldsi Kzpont', '6500', 'Telcs E. u. 12.'),
(63, 'ľg Knyvt ri  Inform ci˘s s Kzssgi Szolg ltat˘ Hely', '7381', 'Alkotm ny u. 16.'),
(64, 'Ajaki Knyvt r', '4524', 'Hajnal Łt 20.'),
(65, 'Alapvet Jogok Biztos nak Hivatala - Knyvt r', '1051', 'N dor u. 22.'),
(66, 'Algyi Faluh z s Knyvt r', '6750', 'Kastlykert u. 63.'),
(67, 'ľllambiztons gi Szolg latok Trtneti Levlt ra Knyvt r', '1067', 'Etvs u. 7.'),
(68, 'ľllami Egszsggyi Ell t˘ Kzpont Egszsggyi Szakknyvt ra', '1051', 'Arany J. u. 6-8. (kltzs alatt)'),
(69, 'ľllami Egszsggyi Ell t˘ Kzpont Orsz gos Egszsgtudom nyi Szakknyvt r', '1051', 'Arany J nos u. 6-8.'),
(70, 'ľllami SzĄv˘rh z  Balatonfred. Orvosi Knyvt r Betegek knyvt ra', '8230', 'Gy˘gy tr 2.'),
(71, 'Almamellk Knyvt ri  Inform ci˘s s Kzssgi Szolg ltat˘ Hely', '7934', 'Petfi tr 4.'),
(72, 'ľltal nos Iskola s Knyvt r', '2645', 'Kertsz u. 45.'),
(73, 'ľltal nos Műveldsi Kzpont Knyvt ra', '5244', 'Alkotm ny u. 12.'),
(74, 'ľltal nos Műveldsi Kzpont. Knyvt r', '2768', 'Szent Istv n u. 4.'),
(75, 'ľltal nos Műveldsi Kzpont. Petfi S ndor Műveldsi H z  Knyvt r s FalumŁzeum', '8132', 'VasŁt u. 11.'),
(76, 'ľltal nos Műveldsi Kzpont. Tamk˘ Sirat˘ K roly Kzsgi Knyvt r', '5919', 'J˘kai u. 12.'),
(77, 'Anarcs - Kzsgi s Iskolai Knyvt r', '4546', 'Iskola u. 2.'),
(78, 'Andr ssy Gyula Budapesti Nmet Nyelvű Egyetem Knyvt r', '1088', 'Pollack Mih ly tr 3.'),
(79, 'Andreetti K roly ľltal nos s Művszeti Iskola s Knyvt r', '2038', 'Tulip n utca 9.'),
(80, 'An˘ka Eszter V rosi Knyvt r', '4485', 'Arany J. u. 60.'),
(81, 'Ap czai ŕvoda  Műveldsi H z  Knyvt r s Sportegysg', '7632', 'Ap czai Csere J nos krtr 1.'),
(82, 'Apor Vilmos Katolikus Fiskola Knyvt ra', '2600', 'Konstantin tr 1-5.'),
(83, 'Arany J nos Műveldsi H z s Knyvt r', '7275', 'Farkas J nos u. 2.'),
(84, 'Arany J nos Műveldsi Kzpont s V rosi Knyvt r', '6060', 'Kossuth Lajos u. 40.'),
(85, 'Aranybulla Knyvt r AlapĄtv ny', '8000', 'KFM ltp. 1.'),
(86, 'Asz˘d V rosi Kultur lis Kzpont. Asz˘d V ros Nyilv nos Knyvt ra', '2170', 'Kossuth L. u. 72.'),
(87, 'Az Arany J nos MŁzeum Knyvt ra', '2750', 'Cegldi Łt 19.'),
(88, 'Az Orsz gos Idegsebszeti Tudom nyos Intzet Knyvt ra', '1145', 'Amerikai Łt 57.'),
(89, 'Az Orsz gos Munka- s zemegszsggyi Intzet Knyvt ra', '1098', 'Nagyv rad tr 2.'),
(90, 'B bolna V rosi Knyvt r  Műveldsi- s Sportkzpont', '2943', 'Bke u. 1.'),
(91, 'B cs-Kiskun Megyei Katona J˘zsef Knyvt r', '6000', 'Piarist k tere 8.'),
(92, 'B cs-Kiskun Megyei Katona J˘zsef Knyvt r Hetnyegyh zi Fi˘kknyvt ra', '6044', '0'),
(93, 'B cs-Kiskun Megyei Katona J˘zsef Knyvt r Kadafalvi Fi˘kknyvt ra', '6000', 'Bor˘ka u. 4.'),
(94, 'B cs-Kiskun Megyei Katona J˘zsef Knyvt r Katonatelepi Fi˘kknyvt ra', '6000', 'Katona Zs. u. 1.'),
(95, 'B cs-Kiskun Megyei Katona J˘zsef Knyvt r Margarta Otthon', '6000', 'NyĄri Łt 77.'),
(96, 'B cs-Kiskun Megyei Katona J˘zsef Knyvt r Mnteleki Fi˘kknyvt ra', '6008', '0'),
(97, 'B cs-Kiskun Megyei Katona J˘zsef Knyvt r Műkertv rosi Fi˘kknyvt ra', '6000', 'M rtĄrok Łtja 29.'),
(98, 'B cs-Kiskun Megyei Katona J˘zsef Knyvt r Petfiv rosi Fi˘kknyvt ra', '6000', 'Alkony u. 11.'),
(99, 'B cs-Kiskun Megyei Katona J˘zsef Knyvt r Plat n Otthon', '6000', 'Szt. L szl˘-v ros 1.'),
(100, 'B cs-Kiskun Megyei Katona J˘zsef Knyvt r Szchenyiv rosi Fi˘kknyvt ra', '6000', 'Szchenyi st ny 6.'),
(101, 'Badacsonytomaj V ros nkorm nyzat Kultur lis Intzmnye. V rosi Knyvt r', '8258', 'F u. 29.'),
(102, 'Balassa B lint MŁzeum Knyvt ra', '2500', 'Mindszenty hercegprĄm s tere'),
(103, 'Balassa Iv n Műveldsi H z s Knyvt r', '4161', 'Kossuth tr 1.'),
(104, 'Balassagyarmati Trvnyszk Knyvt ra', '2660', 'Kzt rsas g tr 2.'),
(105, 'Balassi B lint Megyei Knyvt r', '3100', 'Kassai sor 2.'),
(106, 'Balassi B lint Megyei Knyvt r. Beszterce Lak˘telepi Fi˘kknyvt r', '3121', 'Beszterce tr 4.'),
(107, 'Balassi B lint Megyei Knyvt r. Forg ch-i Fi˘kknyvt r', '3109', 'Munk sotthon tr 1.'),
(108, 'Balassi B lint Megyei Knyvt r. Somoski Fi˘kknyvt r', '3100', 'V roldal Łt 2.'),
(109, 'Balassi B lint Műveldsi H z s Knyvt r', '9241', 'ŕv ri u. 1.'),
(110, 'Balassi Blint Megyei Knyvt r. Zagyvar˘nai Fi˘kknyvt r', '3141', 'Zagyva Łt 3.'),
(111, 'Balassi Intzet M rton ľron Szakkollgium Knyvt r', '1037', 'Kunigunda Łtja 35.'),
(112, 'Bal styai ľltal nos Műveldsi Kzpont. Kzsgi Knyvt r', '6764', 'R k˘czi u. 32.'),
(113, 'Balatonbogl ri Luk cs K roly V rosi Knyvt r', '8630', 'Tavasz u. 1.'),
(114, 'Balatoni MŁzeum Knyvt ra', '8360', 'MŁzeum u. 2.'),
(115, 'Balatoni Region lis Trtneti Kutat˘intzet  Knyvt r s K lm n Imre Emlkh z', '8600', 'F tr 2.'),
(116, 'Balatonlellei V rosi Műveldsi H z s Knyvt r', '8638', 'Kossuth Lajos u. 2.'),
(117, 'Bal zs J˘zsef V rosi Knyvt r s Műveldsi Kzpont', '4800', 'Szabads g tr 5.'),
(118, 'Balk nyi V rosi s Műveldsi H z', '4233', 'Kossuth u. 1-3.'),
(119, 'Balotasz ll si Kzsgi Knyvt r s Kzssgi SzĄntr', '6412', 'Balassi B lint u. 10.'),
(120, 'B nhorv ti Berkes J nos Műveldsi H z s Knyvt r', '3642', 'Szabads g Łt 175.'),
(121, 'Baptista Teol˘giai Akadmia Knyvt ra', '1068', 'BenczŁr u. 31.'),
(122, 'Baracska Kzsgi Knyvt r', '2471', 'Templom Łt 19.'),
(123, 'Baranyai Megyei Pedag˘giai Intzet Knyvt ra', '7626', 'Egyetem u. 2.'),
(124, 'Barcsi V rosi Knyvt r', '7570', 'IfjŁs g u. 18.'),
(125, 'Bart˘k Bla Műveldsi H z Egyeslet Knyvt ra', '3532', 'Andr ssy u. 15.'),
(126, 'Bart˘k Bla Műveldsi H z s Knyvt r', '2194', 'Bart˘k Bla tr 3.'),
(127, 'B tonyterenyei V rosi Kzműveldsi Kzpont s Knyvt r', '3070', 'Moln r S. Łt 1-3.'),
(128, 'Batthy ny Lajos ľltal nos Műveldsi Kzpont. Műveldsi Otthon s Knyvt r', '9545', 'Bajcsy-Zsilinszky u. 2.'),
(129, 'Battonyai V rosi Műveldsi Kzpont s Knyvt r', '5830', 'F u. 72/a'),
(130, 'Bkefi Antal V rosi Knyvt r  Műveldsi H z s StŁdi˘ KB', '8420', 'J˘zsef A. u. 1.'),
(131, 'Bks Megyei Kpvisel-testlet. A P ndy K lm n K˘rh z Orvosi Knyvt ra', '5700', 'Semmelweis u. 1.'),
(132, 'Bks Megyei Knyvt r', '5600', 'Kiss Ern utca 3.'),
(133, 'Bks Megyei Knyvt r Bats nyi Łti Fi˘kknyvt ra', '5600', 'Bats nyi utca 7.'),
(134, 'Bks Megyei Knyvt r Lencssi Łti Fi˘kknyvt ra', '5600', 'P sztor u. 17.'),
(135, 'Bks Megyei Knyvt r Mezmegyeri Fi˘kknyvt ra', '5600', 'Kossuth u. 1.'),
(136, 'Bks V rosi Pski S ndor Knyvt r', '5630', 'Szchenyi tr 4.'),
(137, 'Bkscsaba MJV nkorm nyzat Rthy P l K˘rh z Orvosi Knyvt ra', '5600', 'Gyulai Łt 18.'),
(138, 'Bkev rosi Fi˘kknyvt r', '2400', 'M rcius 15. tr 5.'),
(139, 'Beledi ľltal nos Műveldsi Kzpont. V rosi Knyvt r', '9343', 'V s rtr u. 2/1.'),
(140, 'BlyegmŁzeum Knyvt ra', '1074', 'H rsfa utca 47.'),
(141, 'Beretty˘ Kultur lis Kzpont. Bihari MŁzeum s Sinka Istv n V rosi Knyvt r', '4100', 'K lvin tr 1.'),
(142, 'Beretty˘ Kultur lis Kzpont. Sinka Istv n V rosi Knyvt r Fi˘kknyvt ra', '4100', 'Puskin u. 44.'),
(143, 'Berhidai KultŁrh z s Knyvt r', '8181', 'Kossuth L. u. 18.'),
(144, 'Bri Balogh ľd m Műveldsi H z s Knyvt r', '7133', 'Bke u. 1.'),
(145, 'Bertha BulcsŁ Műveldsi H z s Knyvt r', '8313', 'Kossuth L. u. 29.'),
(146, 'Berzsenyi D niel Knyvt r Megyei s V rosi Knyvt r. Hunyadi Łti fi˘kknyvt r', '9700', 'Hunyadi u. 49.'),
(147, 'Berzsenyi D niel Megyei s V rosi Knyvt r', '9700', 'Dr. Antall J˘zsef tr 1.'),
(148, 'Berzsenyi D niel Megyei s V rosi Knyvt r. K moni fi˘kknyvt r', '9700', 'Sz˘fia u. 31.'),
(149, 'Berzsenyi D niel Megyei s V rosi Knyvt r. Szentkir lyi fi˘kknyvt r', '9700', 'Szent Istv n kir ly u. 119.'),
(150, 'Berzsenyi D niel Megyei Hat˘krű V rosi Knyvt r J ki Łti fi˘kknyvt r', '9700', 'J ki u. 33/a'),
(151, 'Berzsenyi D niel V rosi Knyvt r', '8700', 'Park u. 2.'),
(152, 'Bessenyei Gyrgy Műveldsi H z s Knyvt r', '2347', 'Beleznay tr 2.'),
(153, 'Beteg pol˘ Irgalmasrend Budai Irgalmasrendi K˘rh z Orvosi Knyvt r', '1023', 'Frankel Le˘ Łt 31.'),
(154, 'Bezerdj P l Szabadidkzpont s Knyvt r', '7130', 'Bajcsy-Zsilinszky Endre u. 73/B.'),
(155, 'Bhaktivedanta Knyvt r', '1039', 'Attila u. 8.'),
(156, 'Biatorb gyi Karik˘ J nos Knyvt r', '2051', 'Szabads g Łt 3.'),
(157, 'Bibliotka Egyeslet', '6722', 'K lv ria sug rŁt 14.'),
(158, 'Bicskei Egysges Műveldsi Kzpont s Knyvt r', '2060', 'Kisfaludy u. 29.'),
(159, 'Bihari MŁzeum Knyvt ra', '4100', 'K lvin tr 1.'),
(160, 'Bize V rosrszi Fi˘kknyvt r', '8700', 'Bizei u. 53.'),
(161, 'BMC Magyar Zenei Inform ci˘s Kzpont s Knyvt r', '1093', 'M ty s u. 8.'),
(162, 'Bocon d. Tarnars-Bocon d ľltal nos Műveldsi Kzpont Intzmnyfenntart˘ T rsul sa. Kzsgi Knyvt r', '3368', 'Szabads g tr 7.'),
(163, 'Bocskai Istv n MŁzeum Knyvt ra', '4200', 'Bocskai u. 12.'),
(164, 'Bocskai Istv n Műveldsi H z s Knyvt r', '4127', 'Bocskai V rkastly'),
(165, 'B˘kah za knyvt ri szolg ltat˘hely', '8741', 'Kossuth L. u. 6.'),
(166, 'Bokor J˘zsef V rosi Knyvt r', '7530', 'Petfi S. u. 1.'),
(167, 'Boncodflde knyvt ri szolg ltat˘hely', '8992', 'D˘zsa Gyrgy utca 10.'),
(168, 'Borb la Knyvt r', '3825', 'Petfi u. 94.'),
(169, 'Boronka V rosrszi Fi˘kknyvt r', '8700', 'G rdonyi G. u. 26.'),
(170, 'Borsodn dasdi Kzssgi H z s Knyvt r', '3671', 'Kzt rsas g Łt 12.'),
(171, 'Br˘dy S ndor Megyei s V rosi Knyvt r', '3300', 'Kossuth Lajos Łt 16.'),
(172, 'Br˘dy S ndor Megyei s V rosi Knyvt r Pl zaknyvt r', '3300', 'Trvnyh z u. 4. Agria Park V s rtr'),
(173, 'Br˘dy S ndor Megyei s V rosi Knyvt r. II. sz. fi˘kknyvt r', '3300', 'Kov cs Jakab u. 35.'),
(174, 'Br˘dy S ndor Megyei s V rosi Knyvt r. III. sz. fi˘kknyvt r', '3300', 'Kall˘malom u. 88.'),
(175, 'Brunszvik-Beethoven Rendezvnyszervez Kzpont s Knyvt r', '2462', 'D˘zsa Gyrgy Łt 13.'),
(176, 'Budajen Műveldsi H z', '2093', 'Kossuth u. 6.'),
(177, 'Budapest Bank Nyrt. Tud skzpont Knyvt r', '1138', 'V ci Łt 193.'),
(178, 'Budapest Fv ros Korm nyhivatala Npegszsggyi Szakigazgat si Szerve Knyvt r', '1138', 'V ci Łt 174.'),
(179, 'Budapest Fv ros Levlt ra Szakknyvt r', '1139', 'Teve utca 3-5.'),
(180, 'Budapest Krnyki Trvnyszk Knyvt ra', '1146', 'Thkly Łt 97-101.'),
(181, 'Budapest T ncművszeti Szakkzpiskola s AlapfokŁ Művszetoktat si Intzmny Budapest Kort rst nc Fiskola Gyakorl˘iskola Knyvt r', '1036', 'Perc utca 2.'),
(182, 'Budapest V. kerleti Pedag˘giai Intzet Knyvt ra', '1051', 'K lvin tr 3.'),
(183, 'Budapest XXI. Kerlet Csepel nkorm nyzata Nagy Imre ľltal nos Műveldsi Kzpont', '1214', 'Simon Boliv r st ny 4-8.'),
(184, 'Budapesti Corvinus Egyetem Egyetemi Knyvt r s Levlt r', '1093', 'Kzrakt r u. 4-6.'),
(185, 'Budapesti Gazdas gi Egyetem Gazd lkod si Kar Zalaegerszeg Knyvt ra', '8900', 'Gasparich u. 18/a'),
(186, 'Budapesti Gazdas gi Egyetem. Kereskedelmi  Vendgl t˘ipari s Idegenforgalmi Kar Kari Knyvt ra', '1054', 'Alkotm ny u. 9-11.'),
(187, 'Budapesti Gazdas gi Egyetem. Kereskedelmi  Vendgl t˘ipari s Idegenforgalmi Kar. Idegenforgalmi Szakknyvt r', '1072', 'Klauz l tr 5.'),
(188, 'Budapesti Gazdas gi Egyetem. Klkereskedelmi Kar Knyvt ra', '1165', 'Di˘sy Lajos u. 22-24.'),
(189, 'Budapesti Gazdas gi Egyetem. Pnzgyi s Sz mviteli Kar Knyvt ra', '1148', 'Bagolyv r u. 6-10.'),
(190, 'Budapesti Kzlekedsi Zrt. Knyvt r', '1072', 'Ak cfa u. 15.'),
(191, 'Budapesti Metropolitan Egyetem Knyvt ra', '1148', 'Nagy Lajos kir ly Łtja 1-9.'),
(192, 'Budapesti Műszaki s Gazdas gtudom nyi Egyetem Orsz gos Műszaki Inform ci˘s Kzpont s Knyvt r', '1111', 'Budafoki Łt 4-6.'),
(193, 'Buddhista Misszi˘ Dharma Knyvt ra', '1117', 'Karinthy Frigyes Łt 5.'),
(194, 'Bki Műveldsi s Sportkzpont  Knyvt r', '9737', 'Etvs u. 11.'),
(195, 'Bki Műveldsi s Sportkzpont  Knyvt r. Bkfrdi fi˘kknyvt r', '9740', 'Term l krŁt 2.'),
(196, 'Bntets-vgrehajt s Orsz gos Parancsnoks ga Szakknyvt r', '1054', 'Steindl Imre u. 8.'),
(197, 'Cegldi V rosi Knyvt r', '2700', 'Szabads g tr 5/a'),
(198, 'Chernel K lm n V rosi Knyvt r', '9730', 'V rkr 35-37.'),
(199, 'Ciszterci Műemlkknyvt r', '8420', 'R k˘czi tr 1. II. em'),
(200, 'Ciszterci Nvrek Boldogasszony H za Monostor Knyvt ra', '2623', 'Szuttai dűl 8328.'),
(201, 'Cogito ľltal nos Műveldsi Kzpont. Petfi S ndor Műveldsi H z s Knyvt r', '3121', 'Somosi Łt 101.'),
(202, 'Csaj g Kzsgi Knyvt r', '8163', 'Petfi u. 1.'),
(203, 'Csan dpalotai V rosi Knyvt r', '6913', 'K lm ny Lajos u. 6.'),
(204, 'Csanytelek Kzsgi Knyvt r', '6647', 'Szent L szl˘ u. 4/a.'),
(205, 'Csepeli Munk sotthon Knyvt ra', '1215', 'ľrp d u. 1.'),
(206, 'CSILI Műveldsi Kzpont Knyvt ra', '1201', 'Nagy Gyri Istv n u. 4-6.'),
(207, 'Csokonai Műveldsi Kzpont Dokumentumt r s Inform ci˘s Kzpont', '1153', 'Bocskai u. 70-78.'),
(208, 'Csokonai Vitz Mih ly Reform tus Gimn zium  ľltal nos Iskola s Kollgium', '8840', 'Szchenyi tr 9.'),
(209, 'Csongr di Inform ci˘s Kzpont Csemegi K roly Knyvt r s Tari L szl˘ Bokros Fi˘kknyvt r', '6648', 'ľrp d vezr u. 2.'),
(210, 'Csongr di Inform ci˘s Kzpont Csemegi K roly Knyvt r s Tari L szl˘ MŁzeum', '6640', 'Szenth roms g tr 12.'),
(211, 'Csorba Gyz Knyvt r', '7622', 'Universitas u. 2/a.'),
(212, 'Csorba Gyz Knyvt r Belv rosi Knyvt r', '7621', 'Kir ly u. 9.'),
(213, 'Csorba Gyz Knyvt r Csipkefa Gyermekknyvt r', '7622', 'Bajcsy-Zsilinszky u. 10.'),
(214, 'Csorba Gyz Knyvt r Kertv rosi Fi˘kknyvt r', '7632', 'Honvd tr 1.'),
(215, 'Csorba Gyz Knyvt r Minerva Fi˘kknyvt r', '7633', 'Dr. Veress Endre u. 6.'),
(216, 'Csorba Gyz Knyvt r V rkonyi N ndor Knyvt r', '7624', 'Nagy Jen u. 24.'),
(217, 'Csornai V rosi Műveldsi Kzpont s Knyvt r', '9300', 'Soproni Łt 57.'),
(218, 'Csorv si Szolg ltat˘ Nonprofit Kft. Bart˘k Bla V rosi s Iskolai Knyvt r', '5920', 'Petfi S. u. 12.'),
(219, 'Csuka Zolt n V rosi Knyvt r', '2030', 'Hivatalnok u. 14.'),
(220, 'Csuka Zolt n V rosi Knyvt r. Parkv rosi Knyvt r', '2030', 'Bajcsy-Zsilinszky Łt 206.'),
(221, 'Csuka Zolt n V rosi Knyvt r. Parkv rosi Kzssgi H z  J˘szomszds g knyvt ra', '2030', 'S rd utca 35.'),
(222, 'Csurg˘i V rosi Knyvt r', '8840', 'Baksay u. 6.'),
(223, 'Damjanich J nos MŁzeum Knyvt r', '5000', 'Kossuth tr 4.'),
(224, 'Damjanich Łti ŕvoda. A V rosi Knyvt r fi˘kknyvt ra', '5200', 'Damjanich Łt 23.'),
(225, 'Dank˘ Pista Műveldsi H z s Knyvt r', '6763', 'D˘zsa u. 42.'),
(226, 'De k Ferenc Kzpiskolai Kollgium Knyvt r', '1143', 'T bornok u. 22.'),
(227, 'De k Ferenc Megyei s V rosi Knyvt r', '8900', 'De k Ferenc tr 6.'),
(228, 'De k Ferenc Megyei s V rosi Knyvt r Andr shidai Fi˘kknyvt r', '8900', 'Iskola u. 1.'),
(229, 'De k Ferenc Megyei s V rosi Knyvt r Ap czai Csere J nos Tagknyvt r', '8900', 'Ap czai tr 5.'),
(230, 'De k Ferenc Megyei s V rosi Knyvt r Cs csbozsoki Fi˘kknyvt r', '8900', 'Sziv rv ny tr 1.'),
(231, 'De k Ferenc Megyei s V rosi Knyvt r Ell t˘kzpont', '8900', 'De k tr 6.,'),
(232, 'De k Ferenc Megyei s V rosi Knyvt r J˘zsef Attila V rosi Tagknyvt r', '8900', 'Landorhegyi u. 21.'),
(233, 'De k Ferenc Megyei s V rosi Knyvt r NyugdĄjash zi Fi˘kknyvt r', '8900', 'Kossuth L. u. 58-60.'),
(234, 'De k Ferenc Megyei s V rosi Knyvt r S godi Fi˘kknyvt r', '8900', 'S godi u. 129.'),
(235, 'De k Ferenc Megyei s V rosi Knyvt r Zalabesenyi Fi˘kknyvt r', '8900', 'Beseny u. 20.'),
(236, 'Debrecen-NyĄregyh zi Egyh zmegyei Levlt r s Knyvt r', '4024', 'Varga u. 2'),
(237, 'Debreceni Egyetem Egszsggyi Fiskolai Kar Knyvt ra', '4400', 'S˘st˘i u. 2.'),
(238, 'Debreceni Egyetem Egyetemi s Nemzeti Knyvt r. Kenzy lettudom nyi Knyvt r', '4012', 'Nagyerdei krt. 98.'),
(239, 'Debreceni Egyetem. Egyetemi s Nemzeti Knyvt r', '4032', 'Egyetem tr 1.'),
(240, 'Debreceni Reform tus Hittudom nyi Egyetem Mar˘thi Gyrgy Knyvt ra', '4024', 'Fűvszkert u. 2.'),
(241, 'Debreceni Reform tus Hittudom nyi Egyetem Szakknyvt ra', '4044', 'K lvin tr 16.'),
(242, 'Debreceni Trvnyszk Jogi Szakknyvt ra', '4025', 'Szchenyi u. 9.'),
(243, 'DEENK Blcsszettudom nyi sTermszettudom nyi Knyvt r', '4032', 'Egyetem tr 1.'),
(244, 'DEENK Bszrmnyi Łti Campus Knyvt ra', '4032', 'Bszrmnyi Łt 138'),
(245, 'DEENK lettudom nyi Knyvt r', '4032', 'Egyetem tr 1.'),
(246, 'DEENK Kassai Łti Campus Knyvt ra', '4028', 'Kassai u. 26'),
(247, 'DEENK Műszaki Knyvt r', '4028', 'ŕtemet u. 2-4.'),
(248, 'DEENK Pedag˘giai Knyvt r', '4220', 'Ds ny Istv n Łt 1-9.'),
(249, 'DEENK Zeneművszeti Knyvt r', '4032', 'Nagyerdei krŁt 82.'),
(250, 'Dgi ľltal nos Műveldsi Kzpont. Knyvt r', '8135', 'Kzt rsas g u. 33.'),
(251, 'Drczy Ferenc Knyvt r s Kzműveldsi Intzmny', '5553', 'Iskola u. 2/6.'),
(252, 'Derecske V rosi Műveldsi Kzpont s Knyvt r', '4130', 'Kzt rsas g Łt 107.'),
(253, 'Derkovits Kultur lis Kzpont. Hamvas Bla V rosi Knyvt r', '3580', 'Szchenyi Łt 37.'),
(254, 'Dryn Kultur lis  Turisztikai  Sport Kzpont s Knyvt r', '5300', 'D˘zsa Gy. u. 29.'),
(255, 'Dryn Kultur lis Kzpont. Kzsgi Knyvt r', '6794', 'Dorozsmai Łt 48.'),
(256, 'Dryn Műveldsi Kzpont s Knyvt r', '2747', 'D˘zsa Gy. Łt 19.'),
(257, 'Deszki Műveldsi H z s Knyvt r', '6772', 'Tempfli tr 8.'),
(258, 'Dvav nyai ľltal nos Műveldsi Kzpont. Lad nyi Mih ly Knyvt r  Műveldsi H z s Bereczki Imre Helytrtneti Gyűjtemny', '5510', 'ľrp d u. 20.'),
(259, 'Devecseri V rosi Knyvt r s Műveldsi H z', '8460', 'Petfi tr 5.'),
(260, 'Dobozi Kzssgi H z s Knyvt r', '5624', 'Hunyadi tr 1.'),
(261, 'Dobronhegy Kzsgi Knyvt r', '8989', 'Petfi S ndor utca 18.'),
(262, 'Domaszk Kzsgi nkorm nyzat Knyvt ra', '6781', 'D˘zsa Gy. u. 39.'),
(263, 'Domb˘v r V ros Knyvt ra', '7200', 'Hunyadi tr 25.'),
(264, 'DPC Ferencz P l Knyvt r', '1097', 'Albert Fl˘ri n Łt 5-7.'),
(265, 'Dr. Bendefy L szl˘ V rosi Knyvt r', '9800', 'Alkotm ny u. 5.'),
(266, 'Dr. Bendefy L szl˘ V rosi Knyvt r Fi˘kknyvt ra', '9800', 'Kossuth Lajos u. 1.'),
(267, 'Dr. Borzs k Istv n V rosi Knyvt r s Helytrtneti Ki llĄt s', '2200', 'Kossuth L. u. 88.'),
(268, 'Dr. Erdsz S ndor Knyvt r', '4324', 'Kossuth Łt 98.'),
(269, 'Dr. Kov cs P l Knyvt r s Kzssgi Tr Gy rv rosi Fi˘kknyvt r', '9027', 'Kls ľrp d Łt 6-8.'),
(270, 'Dr. Kov cs P l Knyvt r s Kzssgi Tr Gyrszentiv ni Fi˘kknyvt r', '9011', 'si Łt 1.'),
(271, 'Dr. Kov cs P l Knyvt r s Kzssgi Tr Marcalv rosi Fi˘kknyvt r', '9024', 'Ikva u. 27/a.'),
(272, 'Dr. Kov cs P l Knyvt r s Kzssgi Tr Mnfcsanaki Fi˘kknyvt r', '9012', 'Gyri Łt 90.'),
(273, 'Dr. Kov cs P l Knyvt r s Kzssgi Tr Szabadhegyi Fi˘kknyvt r', '9028', 'M˘ra park 1.'),
(274, 'Dr. Kov cs P l Knyvt r s Kzssgi Tr Szigeti Fi˘kknyvt r', '9025', 'Kztelek u. 4-10.'),
(275, 'Dr. Kov cs P l Megyei Knyvt r s Kzssgi Tr', '9021', 'Herman Ott˘ u. 22.'),
(276, 'Dunafldv ri Műveldsi Kzpont s Knyvt r', '7020', 'Bke tr 13.'),
(277, 'Dunaharaszti V rosi Knyvt r s J˘zsef Attila Műveldsi H z', '2330', 'D˘zsa Gyrgy u. 12/b'),
(278, 'Dunakeszi ŕvodai s Hum n Szolg ltat˘ Kzpont s Knyvt r. Klcsey Ferenc V rosi Knyvt r', '2120', 'Kossuth Lajos u. 6.'),
(279, 'Dunamellki Reform tus Egyh zkerlet R day Gyűjtemnye. Knyvt r', '1092', 'R day u. 28.'),
(280, 'Dun ntŁli Reform tus Egyh zkerlet Tudom nyos Gyűjtemnyei. Knyvt r', '8500', 'M rcius 15. tr 9.'),
(281, 'DunaŁjv rosi Egyetem Knyvt r s Inform ci˘s Kzpont', '2400', 'T ncsics M. u. 1/a.'),
(282, 'Dunavars ny V rosi Knyvt r', '2336', 'Kossuth Lajos u. 2.'),
(283, 'Ecseny Knyvt ri Szolg ltat˘hely', '7457', 'Petfi S. u. 116.'),
(284, 'Edelnyi Műveldsi Kzpont  Knyvt r s Kzrdekű Muze lis Ki llĄt˘hely', '3780', 'Istv n kir ly Łtja 49.'),
(285, 'Edutus Fiskola Budapesti Tagozat Knyvt ra', '1037', 'Bcsi Łt 324.'),
(286, 'Edutus Fiskola Knyvt ra', '2800', 'Bla kir ly krŁt 58.'),
(287, 'Egszsggyi Nyilv ntart si s Kpzsi Kzpont Egszsggyi Szakknyvt ra', '1085', 'Hor nszky u. 15.'),
(288, 'EGIS Gy˘gyszergy r Zrt. Műszaki Knyvt r', '1106', 'KeresztŁri Łt 30-38.'),
(289, 'Egressy Bni V rosi Knyvt r', '3700', 'R k˘czi tr 9.'),
(290, 'Egri Hittudom nyi Fiskola Knyvt ra', '3300', 'Fogl r Gyrgy u. 6.'),
(291, 'Egri Trvnyszk Knyvt ra', '3300', 'Bark˘czy u. 1.'),
(292, 'EgyesĄtett Kzműveldsi Intzmny s Knyvt r', '4440', 'Szabads g tr 1.'),
(293, 'Egyetemi Knyvt r', '1053', 'Ferenciek tere 6.'),
(294, 'ELTE Ap czai Csere J nos Gyakorl˘ Gimn zium s Kollgium Knyvt r', '1053', 'Papnvelde u. 4-6.'),
(295, 'ELTE Bib˘ Istv n Szakkollgium Knyvt r', '1118', 'Mnesi Łt 12.'),
(296, 'ELTE BTK Angol-Amerikai Intzet Knyvt r', '1088', 'MŁzeum krt. 6-8.'),
(297, 'ELTE BTK Filoz˘fiai Intzet Knyvt r', '1088', 'MŁzeum krt. 4/i.'),
(298, 'ELTE BTK Germanisztikai Intzet Knyvt r', '1088', 'MŁzeum krt. 6-8.'),
(299, 'ELTE BTK Knyvt r- s Inform ci˘tudom nyi Intzet Knyvt ra', '1088', 'MŁzeum krt. 6-8.'),
(300, 'ELTE BTK Kzponti Olvas˘terem', '1088', 'MŁzeum krt. 6-8.'),
(301, 'ELTE BTK Magyar Irodalom- s KultŁratudom nyi Intzet Toldy Ferenc Knyvt r', '1088', 'MŁzeum krŁt 4/a.'),
(302, 'ELTE BTK Magyar Nyelvtudom nyi s Finnugor Intzet Knyvt ra', '1088', 'MŁzeum krt. 4/a.'),
(303, 'ELTE BTK Művszettrtneti Intzet Knyvt r', '1088', 'MŁzeum krt. 6-8.'),
(304, 'ELTE BTK Nprajzi Intzet Knyvt r', '1088', 'MŁzeum krt. 6-8.'),
(305, 'ELTE BTK ŕkortudom nyi Intzet Knyvt r', '1088', 'MŁzeum krt. 4/F.'),
(306, 'ELTE BTK Orientalisztikai Intzet Knyvt r', '1088', 'MŁzeum krt. 4/b.'),
(307, 'ELTE BTK Rgszettudom nyi Intzet Knyvt r', '1088', 'MŁzeum krt. 4/b.'),
(308, 'ELTE BTK Romanisztikai Intzet Knyvt r', '1088', 'MŁzeum krŁt 4/c.'),
(309, 'ELTE BTK Szl v s Balti Filol˘giai Intzet Knyvt r', '1088', 'MŁzeum krt. 4/d.'),
(310, 'ELTE BTK T vol-Keleti Intzet Knyvt r', '1088', 'MŁzeum krt. 6-8.'),
(311, 'ELTE BTK Trtneti Intzet Szekfű Gyula Knyvt r', '1088', 'MŁzeum krt. 6-8.'),
(312, 'ELTE Etvs J˘zsef Collegium Medny nszky Dnes Knyvt r s Levlt r', '1118', 'Mnesi Łt 11-13.'),
(313, 'ELTE Gothard Jen Asztrofizikai Obszervat˘rium Knyvt r', '9700', 'Szent Imre herceg u.'),
(314, 'ELTE Informatikai Kar Knyvt r', '1117', 'P zm ny Pter stny. 1/c.'),
(315, 'ELTE Krsi Csoma S ndor Kollgium Knyvt r', '1118', 'Dayka G. u. 4.'),
(316, 'ELTE Radn˘ti Mikl˘s Gyakorl˘ ľltal nos Iskola s Gyakorl˘ Gimn zium Knyvt ra', '1146', 'Ch z r Andr s u. 10.'),
(317, 'ELTE TanĄt˘- s ŕv˘kpz Fiskolai Kar Knyvt ra', '1126', 'Kiss J nos altb. u. 40.'),
(318, 'ELTE T rsadalomtudom nyi Kar Kari Knyvt r', '1117', 'P zm ny Pter st ny 1/a.'),
(319, 'ELTE Termszettudom nyi Kar Knyvt r', '1117', 'P zm ny st ny 1/c.'),
(320, 'ELTE Trefort ľgoston Gyakorl˘iskola Knyvt r', '1088', 'Trefort u. 8.'),
(321, 'Emdi Műveldsi H z s Knyvt r', '3432', 'Hunyadi u. 27-29.'),
(322, 'Encsi V rosi Műveldsi Kzpont s Knyvt r', '3860', 'R k˘czi Łt 9.'),
(323, 'Etvs J˘zsef Fiskola Knyvt ra', '6500', 'Bajcsy-Zsilinszky u. 12-14.'),
(324, 'Etvs J˘zsef Műveldsi H z s Knyvt r', '2451', 'Szent Istv n Łt 12-14.'),
(325, 'Etvs K roly Kzsgi Knyvt r s Műveldsi H z', '8133', 'Kossuth u. 46.'),
(326, 'Etvs K roly Megyei Knyvt r', '8200', 'KomakŁt tr 3.'),
(327, 'Etvs K roly Megyei Knyvt r Cholnoky Lak˘telepi Knyvt ra', '8200', 'R˘zsa utca 48.'),
(328, 'Etvs K roly Megyei Knyvt r D˘zsav rosi Knyvt r', '8200', 'Szent Istv n u. 73.'),
(329, 'Etvs K roly Megyei Knyvt r M rcius 15. Łti Knyvt ra', '8200', 'M rcius 15.u.1/A'),
(330, 'Etvs Lor nd Tudom nyegyetem Egyetemkzi Francia Kzpont Francia Pedag˘giai Knyvt ra', '1088', 'MŁzeum krt. 4/f'),
(331, 'Etvs Lor nd Tudom nyegyetem Pedag˘giai s Pszichol˘giai Kar Knyvt ra', '1075', 'Kazinczy u. 23-27.'),
(332, 'Etvs Lor nd Tudom nyegyetem. ľllam- s Jogtudom nyi Kar. Kari Knyvt r', '1053', 'Egyetem tr 1-3.'),
(333, 'Etvs Lor nd Tudom nyegyetem. B rczi Guszt v Gy˘gypedag˘giai Kar. Kari Knyvt r s Gy˘gypedag˘gia-trtneti Gyűjtemny', '1097', 'Ecseri Łt 3.'),
(334, 'Erdkertesi Faluh z s Knyvt r', '2113', 'F Łt 112.'),
(335, 'Erdtelki Műveldsi H z s Knyvt r', '3358', 'Tenki u. 47.'),
(336, 'rdy J nos Knyvt r s Inform ci˘s Kzpont', '2628', 'ľrp d u. 17.'),
(337, 'Erkel Ferenc MŁzeum', '5700', 'Kossuth utca 17.'),
(338, 'Erkel Ferenc Műveldsi H z s Knyvt r', '4516', 'Szabolcs vezr u. 6.'),
(339, 'Ernyey J˘zsef Gy˘gyszersztrtneti Knyvt r', '1084', 'M ty s tr 3.'),
(340, 'Erzsbet Vigad˘ s V rosi Knyvt r', '7754', 'Szchenyi tr 10.'),
(341, 'Esztergomi Fszkesegyh zi Knyvt r', '2500', 'P zm ny Pter u. 2.'),
(342, 'Esztergomi Hittudom nyi Fiskola Knyvt ra', '2500', 'Szent Istv n tr 10.'),
(343, 'Eszterh zy K roly Egyetem Tittel P l Knyvt r Egri Campus Knyvt ra', '3300', 'Eszterh zy tr 1.'),
(344, 'Evanglikus Hittudom nyi Egyetem Knyvt ra', '1141', 'R˘zsavlgyi kz 3.'),
(345, 'Evanglikus Orsz gos Knyvt r', '1085', 'lli Łt 24.'),
(346, 'Ex Libris Knyvt ri AlapĄtv ny Nyilv nos Knyvt ra', '1062', 'Bajza u. 18.'),
(347, 'F bi nsebestyni Arany J nos ľltal nos ŕvoda  Kzműveldsi Intzmny s Knyvt r', '6625', 'éttr tr 3.'),
(348, 'F klya Műveldsi H z s Knyvt r', '8868', 'Szabads g tr 15.'),
(349, 'Falu Tam s V rosi Knyvt r', '2364', 'Falu Tam s u. 44.'),
(350, 'Faludi Ferenc Knyvt r Berki Łti Fi˘kknyvt ra', '9900', 'Berki Łt 18.'),
(351, 'Faludi Ferenc Knyvt r N dalja Łti Fi˘kknyvt ra', '9900', 'N daljai Łt 19.'),
(352, 'Fegyverneki Műveldsi H z s Knyvt r', '5231', 'Szent Erzsbet Łt 146.'),
(353, 'Fehrgyarmati M˘ricz Zsigmond Műveldsi H z s Knyvt r', '4900', 'Kossuth tr 40.'),
(354, 'Fejr Gyrgy V rosi Knyvt r', '8360', 'Zeppelin tr 3.'),
(355, 'Fejr Megyei Szent Gyrgy Egyetemi Oktat˘ K˘rh z - Orvosi Knyvt r', '8000', 'Sereglyesi Łt 3.'),
(356, 'Fejr Megyei Szent Gyrgy Egyetemi Oktat˘ K˘rh z Cs kv ri Gy˘gyintzete Betegek Knyvt ra', '8083', 'Kastlypark 1.'),
(357, 'Fejr Megyei Szent Gyrgy K˘rh z. Orvosi Knyvt r', '8083', 'Kastlypark 4.'),
(358, 'Fekete Istv n Knyvt r  Kultur lis s Szabadid Kzpont', '3385', 'F Łt 159.'),
(359, 'Fels-B cskai ľltal nos Műveldsi Kzpont. Kzműveldsi s Kzgyűjtemnyi Intzmnyegysg Knyvt ra', '6345', 'Petfi u. 50.'),
(360, 'Felst rk ny Knyvt ri  Inform ci˘s s Kzssgi Hely', '3324', 'F Łt 157.'),
(361, 'Felszsolcai Kzműveldsi Intzet s V rosi Knyvt r', '3561', 'Szent Istv n u. 2.'),
(362, 'Fnyeslitke Kzsgi Knyvt r', '4621', 'Kossuth u. 96.'),
(363, 'Ferenczy MŁzeum Knyvt ra', '2000', 'F tr 2-5.'),
(364, 'Ferenczy MŁzeum Szentendre Knyvt ra', '2000', 'Kossuth Lajos u. 5.'),
(365, 'Fertr kosi Kzsgi s Iskolai Knyvt r', '9421', 'F utca 234.'),
(366, 'Fszek Művszklub Knyvt ra', '1073', 'Kertsz u. 36.'),
(367, 'Floriana Knyvt r s Kzssgi Tr', '8083', 'Szchenyi u. 8.'),
(368, 'Fodor Andr s Kzsgi s Iskolai Knyvt r', '7521', 'Hunyadi u. 9-11.'),
(369, 'Folkl˘rdokument ci˘s Knyvt r s ArchĄvum', '1011', 'Corvin tr 8.'),
(370, 'Fony˘di Kultur lis Kzpont  Knyvt r s Muze lis Gyűjtemny', '8640', 'Ady Endre u. 17'),
(371, 'F˘ti Kzműveldsi s Kzgyűjtemnyi Kzpont. V rosi Knyvt r', '2151', 'D˘zsa Gy. u. 12-14.'),
(372, 'F˘ti Kzműveldsi s Kzgyűjtemnyi Kzpont. V rosi Knyvt r. Kisalagi fi˘kknyvt r', '2151', 'Bke u. 33'),
(373, 'Fegyh zmegyei Knyvt r  Eger', '3300', 'Eszterh zy tr 1. I. em. 221-223.'),
(374, 'Fldes Kzsgi Knyvt r', '4177', 'Kar csony S ndor tr 6.'),
(375, 'Fldi J nos Knyvt r  Emlkh z  HajdŁhadh zi Galria', '4242', 'Dr. Fldi J nos u. 8.'),
(376, 'Fldmrsi s T vrzkelsi Intzet Szakknyvt r', '1149', 'Bosny k tr 5.'),
(377, 'Fpolg rmesteri Hivatal Szakknyvt r', '1052', 'V rosh z u. 9-11.'),
(378, 'Fv rosi Ötlt bla Knyvt ra', '1027', 'Feketesas u. 3.'),
(379, 'Fv rosi nkorm nyzat. A Szent Margit K˘rh z-Rendelintzet Orvosi Knyvt ra', '1032', 'Bcsi u. 132.'),
(380, 'Fv rosi Szab˘ Ervin Knyvt r', '1088', 'Szab˘ Ervin tr 1.'),
(381, 'Fv rosi Szab˘ Ervin Knyvt r Angyalfldi Kertv rosi Knyvt ra', '1131', 'Mosoly u. 40/a'),
(382, 'Fv rosi Szab˘ Ervin Knyvt r Angyalfldi Knyvt ra', '1138', 'Dag ly u. 9/a.'),
(383, 'Fv rosi Szab˘ Ervin Knyvt r Babits Mih ly Knyvt ra', '1046', 'L˘verseny tr 5/a.'),
(384, 'Fv rosi Szab˘ Ervin Knyvt r Bk smegyeri Knyvt ra', '1039', 'Fst Mil n u. 26.'),
(385, 'Fv rosi Szab˘ Ervin Knyvt r Belv rosi Knyvt ra', '1054', 'Vad sz u. 42.'),
(386, 'Fv rosi Szab˘ Ervin Knyvt r Bor ros Knyvt ra', '1093', 'Bor ros tr 2.'),
(387, 'Fv rosi Szab˘ Ervin Knyvt r Bosny k Knyvt ra', '1145', 'Bosny k u. 1/a'),
(388, 'Fv rosi Szab˘ Ervin Knyvt r Csillaghegyi Knyvt ra', '1039', 'Baj ki Elemr u. 5-7.'),
(389, 'Fv rosi Szab˘ Ervin Knyvt r Csillagtelepi Knyvt ra', '1214', 'Vnusz u. 2.'),
(390, 'Fv rosi Szab˘ Ervin Knyvt r De k Ferenc Knyvt ra', '1074', 'Rottenbiller u. 10.'),
(391, 'Fv rosi Szab˘ Ervin Knyvt r Etvs Knyvt ra', '1153', 'Etvs u. 8.'),
(392, 'Fv rosi Szab˘ Ervin Knyvt r Erzsbetv rosi Knyvt ra', '1073', 'Kertsz u. 15.'),
(393, 'Fv rosi Szab˘ Ervin Knyvt r Ferencv rosi Knyvt ra', '1095', 'Mester u. 53.'),
(394, 'Fv rosi Szab˘ Ervin Knyvt r Fredi Knyvt ra', '1144', 'R kosfalva park 1-3.'),
(395, 'Fv rosi Szab˘ Ervin Knyvt r Havanna lak˘telepi Knyvt ra', '1181', 'Csontv ry K. T. u. 32.'),
(396, 'Fv rosi Szab˘ Ervin Knyvt r J˘zsef Attila Knyvt ra', '1098', 'Brzsny u. 13.'),
(397, 'Fv rosi Szab˘ Ervin Knyvt r J˘zsefv rosi Knyvt ra', '1089', 'K lv ria tr 12.'),
(398, 'Fv rosi Szab˘ Ervin Knyvt r Karinthy Frigyes Knyvt ra', '1117', 'Karinthy F. Łt 11.'),
(399, 'Fv rosi Szab˘ Ervin Knyvt r Kass k Knyvt ra', '1145', 'Uzsoki u. 57.'),
(400, 'Fv rosi Szab˘ Ervin Knyvt r Kelenfldi Knyvt ra', '1119', 'Etele Łt 55.'),
(401, 'Fv rosi Szab˘ Ervin Knyvt r Kir lyerdei Knyvt ra', '1213', 'Szent Istv n Łt 230.'),
(402, 'Fv rosi Szab˘ Ervin Knyvt r Kispesti Knyvt ra', '1191', 'lli Łt 255.'),
(403, 'Fv rosi Szab˘ Ervin Knyvt r Kb nyai Knyvt ra', '1102', 'Szent L szl˘ tr 7-14.'),
(404, 'Fv rosi Szab˘ Ervin Knyvt r KrŁdy Gyula Knyvt ra', '1033', 'F tr 5.'),
(405, 'Fv rosi Szab˘ Ervin Knyvt r Lport r dűli Knyvt ra', '1134', 'Lehel u. 31.'),
(406, 'Fv rosi Szab˘ Ervin Knyvt r Lrinci Nagyknyvt ra', '1183', 'Thkly Łt 5.'),
(407, 'Fv rosi Szab˘ Ervin Knyvt r M˘ricz Zsigmond Knyvt ra', '1118', 'Nagyszeben tr 1.'),
(408, 'Fv rosi Szab˘ Ervin Knyvt r Nagyttnyi Knyvt ra', '1222', 'Nagyttnyi u. 283.'),
(409, 'Fv rosi Szab˘ Ervin Knyvt r Pesterzsbeti Knyvt ra', '1201', 'BĄr˘ Mih ly u. 7.'),
(410, 'Fv rosi Szab˘ Ervin Knyvt r Pestszentimrei Knyvt ra', '1188', 'Nagykrsi Łt 56.'),
(411, 'Fv rosi Szab˘ Ervin Knyvt r PestŁjhelyi Knyvt ra', '1158', 'Szűcs Istv n u. 45.'),
(412, 'Fv rosi Szab˘ Ervin Knyvt r Radn˘ti Mikl˘s Knyvt ra', '1133', 'Pann˘nia u. 88-90.'),
(413, 'Fv rosi Szab˘ Ervin Knyvt r R koscsabai Knyvt ra', '1171', 'Pceli Łt 230.'),
(414, 'Fv rosi Szab˘ Ervin Knyvt r R kosi Knyvt ra', '1162', 'R kosi Łt 119.'),
(415, 'Fv rosi Szab˘ Ervin Knyvt r Sashalmi Knyvt ra', '1163', 'Veres Pter Łt 53.'),
(416, 'Fv rosi Szab˘ Ervin Knyvt r St l˘ Knyvt ra', '1214', 'II. R k˘czi Ferenc u. 106-108.'),
(417, 'Fv rosi Szab˘ Ervin Knyvt r Soroks ri Knyvt ra', '1238', 'Grassalkovich u. 128.'),
(418, 'Fv rosi Szab˘ Ervin Knyvt r Terzv rosi Gyermekknyvt ra', '1061', 'Liszt Ferenc tr 6.'),
(419, 'Fv rosi Szab˘ Ervin Knyvt r Terzv rosi Knyvt ra', '1062', 'Andr ssy Łt 52.'),
(420, 'Fv rosi Szab˘ Ervin Knyvt r éjhegyi Knyvt ra', '1108', 'éjhegyi st ny 16.'),
(421, 'Fv rosi Szab˘ Ervin Knyvt r éjpesti Knyvt ra', '1042', 'Kir ly u. 5.'),
(422, 'Fv rosi Szab˘ Ervin Knyvt r Vcsey lak˘telepi Knyvt ra', '1204', 'Pacsirta u. 157/b'),
(423, 'Fv rosi Szab˘ Ervin Knyvt r. Kzponti Knyvt r', '1088', 'Szab˘ Ervin tr 1.'),
(424, 'Fv rosi Szab˘ Ervin Knyvt r. Zenei gyűjtemny', '1088', 'tpacsirta u. 4.'),
(425, 'Fv rosi Trvnyszk Knyvt ra', '1055', 'Mark˘ u. 27. I. em. 38.'),
(426, 'Furmann Imre Műveldsi H z s Knyvt r', '3433', 'Kossuth u. 56.'),
(427, 'Fzesabonyi Knyvt r s Kzssgi H z', '3390', 'R k˘czi Łt 52-54.'),
(428, 'G bor Dnes Fiskola Knyvt r', '1119', 'Mrnk u. 39.'),
(429, 'G l Ferenc Fiskola Knyvt ra', '6720', 'D˘m tr 6.'),
(430, 'G l Ferenc Fiskola Pedag˘giai Kar Knyvt ra', '5540', 'Szabads g u. 4.'),
(431, 'G rdonyi Gza Knyvt r s Kultur lis Kzpont', '2483', 'Szabads g u. 14.'),
(432, 'G rdonyi Gza Knyvt r s Kultur lis Kzpont. Ag rdi fi˘kknyvt r', '2484', 'M rv ny u. 27.'),
(433, 'G rdonyi Gza Knyvt r s Kultur lis Kzpont. Dinnysi fi˘kknyvt r', '2485', 'G rdonyi G. u. 6.'),
(434, 'G rdonyi Gza Műveldsi H z s Knyvt r', '3231', 'Bart˘k Bla Łt 2-4.'),
(435, 'G rdonyi Gza Műveldsi H z s Knyvt r', '8000', 'S˘st˘ ltp. 1.'),
(436, 'G rdonyi Gza V rosi Knyvt r', '2840', 'Szent Borb la tr 1.'),
(437, 'G thy Zolt n V rosi Knyvt r s Helytrtneti MŁzeum', '2510', 'Bcsi Łt 42.'),
(438, 'Golgota Teol˘giai Fiskola knyvt ra', '7041', 'Petfi S ndor utca 562 hrsz.'),
(439, 'Gonda Ferenc V rosi Knyvt r', '4183', 'Szabads g tr 5.'),
(440, 'Gondoz si Kzpont s Kzsgi Knyvt r', '4275', 'Damjanich u. 1.'),
(441, 'Gondoz si Kzpont. A V rosi Knyvt r fi˘kknyvt ra', '5200', 'Alm sy Łt 23.'),
(442, 'Gottsegen Gyrgy Orsz gos Kardiol˘giai Intzet Knyvt ra', '1096', 'Haller u. 29.'),
(443, 'Gd V rosi Knyvt r', '2131', 'Pesti Łt 72.'),
(444, 'Gdi V rosi Knyvt r Ady Fi˘kknyvt r', '2132', 'K lm n u. 13.'),
(445, 'Gdlli V rosi Knyvt r s Inform ci˘s Kzpont', '2100', 'D˘zsa Gy. u. 8.'),
(446, 'Gdlli V rosi MŁzeum Knyvt ra', '2100', 'Szabads g tr 5.'),
(447, 'Gncl AlapĄtv ny Knyvt ra', '2600', 'Ilona u. 3.'),
(448, 'gr. Bercsnyi Zsuzsanna V rosi Knyvt r', '2040', 'K roly kir ly u. 20.'),
(449, 'Gr˘f I. Festetics Gyrgy Műveldsi Kzpont  V rosi Knyvt r s Muze lis Gyűjtemny', '8380', 'R k˘czi u. 17-19.'),
(450, 'GYMS Megyei Pedag˘giai Intzet Pedag˘giai Szakknyvt ra', '9022', 'ľrp d u. 32.'),
(451, 'Gy˘gyszerszeti s Egszsggyi Minsg- s Szervezetfejlesztsi Intzet Orsz gos Gy˘gyszerszeti Intzet Knyvt r', '1051', 'ZrĄnyi u. 3.'),
(452, 'Gy˘ta V rosrszi Fi˘kknyvt r', '8700', 'Klcsey F. u. 63.'),
(453, 'Gyngys M trai ľllami Gy˘gyintzet Kkesteti Egysg Betegknyvt r', '3221', 'Kkestet'),
(454, 'Gyngysi Kultur lis s Kzgyjtemnyi Kzpont. Vachott S ndor V rosi Knyvt r', '3200', 'F tr 10.'),
(455, 'Gyngysoroszi ľltal nos Műveldsi Kzpont J˘zsef Attila Knyvt ra', '3211', 'J˘kai Łt 3.'),
(456, 'Gynki Műveldsi H z s Knyvt r', '7064', 'D˘zsa Gy. tr 548.'),
(457, 'Gyr Egyh zmegyei Kincst r s Knyvt r', '9021', 'K ptalandomb 26.'),
(458, 'Gyri Hittudom nyi Fiskola Knyvt ra', '9021', 'K ptalandomb 26.'),
(459, 'Gyri Ötlt bla Jogi Szakknyvt ra', '9021', 'Domb u. 1.'),
(460, 'Gyri Trvnyszk Csizmadia Andor Jogi Szakknyvt ra', '9021', 'Szent Istv n Łt 6.'),
(461, 'Gyulai Trvnyszk Knyvt ra', '5700', 'Bke sug rŁt 38.'),
(462, 'Hajnal-Lenkey-J zmin Utcai ľltal nos Műveldsi Kzpont. Faluh z s Knyvt r', '5600', 'Csabai Łt 1.'),
(463, 'Hal szi K roly Műveldsi H z s Knyvt r', '2351', 'D˘zsa tr 2.'),
(464, 'Halis Istv n V rosi Knyvt r', '8800', 'K lvin tr 5.'),
(465, 'Halis Istv n V rosi Knyvt r. Hevesi Łti fi˘kknyvt r', '8800', 'Hevesi u. 6.'),
(466, 'Halis Istv n V rosi Knyvt r. Kiskanizsai fi˘kknyvt r', '8800', 'Hajgat˘ S ndor u. 1.'),
(467, 'Halis Istv n V rosi Knyvt r. Mikl˘sfai Fi˘kknyvt r', '8800', 'K polna tr 2.'),
(468, 'Halmajugra Kzsgi Knyvt r', '3273', 'Kossuth L. u. 158.'),
(469, 'Hamvas Bla V rosi Knyvt r', '2440', 'Szent Istv n tr 5.'),
(470, 'Hamvas Bla V rosi Knyvt r Tiszaparti Fi˘kknyvt r', '3580', 'Neumann J. utca 1.'),
(471, 'Hamvas Bla V rosi Knyvt r Tiszaszederknyi Fi˘kknyvt r', '3580', 'Bocskai utca 33.'),
(472, 'H ri M ria Knyvt r s Region lis Forr skzpont', '1125', 'KŁtvlgyi Łt 6.'),
(473, 'Hark ny V rosi Knyvt r  Kultur lis- s Sportkzpont', '7815', 'Kossuth Lajos u. 2/a'),
(474, 'Hat r Gyz V rosi Knyvt r', '5500', 'Selyem Łt 124.'),
(475, 'HB Megyei Pedag˘giai Intzet Pedag˘giai Szakknyvt ra', '4029', 'Monti ezredes u. 7.'),
(476, 'Hegeds Gza V rosi Knyvt r', '2315', 'J˘zsef A. u. 59.'),
(477, 'Hegyesi J nos V rosi Knyvt r s Kzműveldsi Intzmny', '5525', 'M ty s u. 10.'),
(478, 'Hegyvidki Helytrtneti Gyűjtemny s Galria Knyvt r', '1126', 'Beethoven utca 1/b.'),
(479, 'Heim P l Gyermekk˘rh z Egszsggyi Szakknyvt r', '1089', 'lli Łt 86.'),
(480, 'Helikon KastlymŁzeum KzhasznŁ Nonprofit Kft. Knyvt ra', '8360', 'Kastly u. 1.'),
(481, 'Helischer J˘zsef V rosi Knyvt r  Esztergom', '2500', 'B nomi Łt 8.'),
(482, 'Helischer J˘zsef V rosi Knyvt r. Szentgyrgymezi Olvas˘kr', '2500', 'Andr ssy J nos u. 23.'),
(483, 'Helytrtneti MŁzeum Knyvt ra', '5440', 'Kerletih z Łt. 8.'),
(484, 'Herceghalom Kzsgi Knyvt ra', '2053', 'Gesztenys u. 15.'),
(485, 'Herman Ott˘ MŁzeum Knyvt ra', '3529', 'Grgey ArtŁr u. 28.'),
(486, 'Heves Megyei Pedag˘giai Intzet', '3300', 'Szvornyi Łt 27.'),
(487, 'Heves V rosi Műveldsi  Kzgyűjtemnyi Intzmny  Helytrtneti s Sakktrtneti Gyűjtemny  K P l Szobr szművsz ľlland˘ Ki llĄt sa. Knyvt r Tagintzmny', '3360', 'Erzsbet tr 8.'),
(488, 'Hevesi Kultur lis Kzpont', '3360', 'Erkel F. u. 2.'),
(489, 'Hild Viktor Knyvt r', '5000', 'Karczag L szl˘ u. 2.'),
(490, 'Holocaust Dokument ci˘s Kzpont s Emlkgyűjtemny KzalapĄtv ny Knyvt r', '1094', 'P va u. 39.'),
(491, 'Honvdelmi Minisztrium Hadtrtneti Intzet s MŁzeum Hadtrtneti Trkpt r', '1014', 'Kapisztr n tr 2-4.'),
(492, 'Honvdelmi Minisztrium Hadtrtneti Intzet s MŁzeum Knyvgyűjtemny', '1014', 'Kapisztr n tr 2-4.'),
(493, 'Honvdelmi Minisztrium Hadtrtneti Intzet s MŁzeum. Hadtrtneti Knyvt r', '1014', 'Kapisztr n tr 2-4.'),
(494, 'Honvdelmi Minisztrium Vdelemgazdas gi Hivatal Haditechnikai Knyvt ra', '1135', 'Lehel utca 41.'),
(495, 'Hopp Ferenc Kelet-ľzsiai Művszeti MŁzeum. Knyvt r', '1062', 'Andr ssy Łt 103.'),
(496, 'Hort Nagykzsg nkorm nyzat nak Kultur lis Centruma: Knyvt r  Kzssgi H z s Helytrtneti Ki llĄt˘hely', '3014', 'Szabads g tr 23/a'),
(497, 'Horv tkŁt V rosrszi Fi˘kknyvt r', '8700', 'Horv tkŁti u. 56.'),
(498, 'HosszŁp lyi Nagykzsg nkorm nyzat Bem J˘zsef Műveldsi Kzpont', '4274', 'Debreceni u. 2.'),
(499, 'Hunfalvy J nos Fv rosi Gyakorl˘ Kttannyelvű Klkereskedelmi  Kzgazdas gi Szakkzpiskola Knyvt ra', '1011', 'Ponty utca 3.'),
(500, 'HungaroControl Zrt. Replsi Szakknyvt r', '1185', 'Igl˘ u. 33-35.'),
(501, 'Hunyadi M ty s ľltal nos Műveldsi Kzpont. Műveldsi H z s Knyvt r', '4065', 'Hunyadi u. 2.'),
(502, 'Husz r G l V rosi Knyvt r', '9200', 'Erkel F. u. 16.'),
(503, 'Hutyra Ferenc Knyvt r  Levlt r s MŁzeum', '1078', 'Istv n u. 2.'),
(504, 'I. sz. Fi˘kknyvt r', '4440', 'Vasv ri P l Łt 95.'),
(505, 'Ibr nyi L szl˘ Műveldsi Kzpont  Knyvt r s Sportcentrum', '4484', 'Hsk tere 2-4.'),
(506, 'Igazs ggyi Megfigyel s Elmegy˘gyĄt˘ Intzet Knyvt r', '1108', 'Kozma u. 13.'),
(507, 'II. kerleti Pedag˘giai Intzet Knyvt r', '1024', 'Keleti K roly u. 37.'),
(508, 'II. R k˘czi Ferenc Megyei s V rosi Knyvt r', '3530', 'Grgey A. u. 11.'),
(509, 'II. R k˘czi Ferenc Megyei s V rosi Knyvt r. Kaffka Margit Knyvt r', '3529', 'Park u. 8.'),
(510, 'II. R k˘czi Ferenc Megyei s V rosi Knyvt r. Lvay J˘zsef Muze lis Knyvt r', '3530', 'Mindszent tr 2.'),
(511, 'II. R k˘czi Ferenc Megyei s V rosi Knyvt r. M˘ra Ferenc Knyvt r', '3524', 'Klapka Gyrgy u. 2.'),
(512, 'II. R k˘czi Ferenc Megyei s V rosi Knyvt r. Petfi S ndor Knyvt r', '3534', 'Nagy Lajos kir ly Łtja 16.'),
(513, 'II. R k˘czi Ferenc Megyei s V rosi Knyvt r. Szab˘ Lrinc Idegennyelvi Knyvt r', '3530', 'Mindszent tr 2. I. em.'),
(514, 'II. R k˘czi Ferenc Megyei s V rosi Knyvt r. Tompa Mih ly Knyvt r', '3528', 'Gyngysi Istv n u. 1.'),
(515, 'II. R k˘czi Ferenc Műveldsi H z s Knyvt r', '4931', 'Kossuth u. 19/B.'),
(516, 'II. R k˘czi Ferenc Műveldsi H z- s Knyvt r', '4355', 'VasŁt u. 2.'),
(517, 'Inform ci˘s Hivatal Dr. Kocsis K lm n Szakknyvt r', '1021', 'Budakeszi Łt 85-87.'),
(518, 'Integr lt Kzssgi Szolg ltat˘ Tr s Kzsgi Knyvt r', '6795', 'Park tr 1.'),
(519, 'Iparművszeti MŁzeum Knyvt ra', '1091', 'lli Łt 33-37.'),
(520, 'Ipolyi Arnold Knyvt r  MŁzeum s Kultur lis Kzpont', '5200', 'P nthy Endre Łt 2-6.'),
(521, 'Irinyi J nos ľltal nos Iskola. ľltal nos Iskolai s V rosi Knyvt r', '4283', 'Kassai u. 8.'),
(522, 'Iskolai s Gyermekknyvt r', '5126', 'Szabads g Łt 32.'),
(523, 'Iv ncsai Knyvt r s Műveldsi Kzpont', '2454', 'Arany J. u. 2.'),
(524, 'Izs ki ľltal nos Műveldsi Kzpont. Szily K lm n V rosi Knyvt r', '6070', 'Kossuth L. u. 54.'),
(525, 'Jahn Ferenc Dl-Pesti K˘rh z Knyvt r', '1204', 'Kves Łt 1.'),
(526, 'Janus Pannonius MŁzeum Knyvt r', '7621', 'K ptalan utca 5.'),
(527, 'J sz-Nagykun-Szolnok Megyei Hetnyi Gza K˘rh z-Rendelintzet Orvosi Szakknyvt ra', '5000', 'T˘szegi u. 21.'),
(528, 'J szkerlet Kultur lis s Művszeti KzhasznŁ Nonprofit Kft. V rosi Knyvt r', '5100', 'Bercsnyi Łt 1.'),
(529, 'J szkerlet Kultur lis s Művszeti KzhasznŁ Nonprofit Kft. V rosi Knyvt r Fi˘kknyvt ra', '5152', 'F u. 22/2.'),
(530, 'J szszentandr s Kzsg nkorm nyzat nak Knyvt ra', '5136', 'R k˘czi Ferenc Łt 92.'),
(531, 'JNSZ Megyei Fgyszsg Knyvt ra', '5000', 'J˘kai Łt 10.'),
(532, 'J˘kai M˘r Műveldsi H z  Kzsgi-Iskolai Knyvt r s Teleh z', '9761', 'F u. 2.'),
(533, 'J˘kai M˘r Műveldsi H z s Kzsgi Knyvt r', '2944', 'J˘kai M. u. 5.'),
(534, 'J˘kai M˘r V rosi Knyvt r', '2117', 'D˘zsa Gy. u. 2.'),
(535, 'J˘kai M˘r V rosi Knyvt r', '8500', 'F tr 1.'),
(536, 'J˘kai M˘r V rosi Knyvt r', '2900', 'T ncsics M. u. 10.'),
(537, 'J˘kai M˘r V rosi Knyvt r. Sznyi fi˘kknyvt r', '2921', '0'),
(538, 'J˘zsef Attila Klubknyvt r', '8315', 'Kossuth u. 97.'),
(539, 'J˘zsef Attila Knyvt r DunaŁjv ros', '2400', 'Ap czai Cs. J. u. 9.'),
(540, 'J˘zsef Attila Knyvt r K l', '3350', 'R˘zsa Łt 9.'),
(541, 'J˘zsef Attila Kzssgi H z s Knyvt r', '6792', 'Alkotm ny u. 1.'),
(542, 'J˘zsef Attila Műveldsi H z s Knyvt r', '2116', 'J˘zsef Attila u. 4.'),
(543, 'J˘zsef Attila Műveldsi H z s Nagykzsgi Knyvt r', '5321', 'Karcagi Łt 15.'),
(544, 'J˘zsef Attila Műveldsi Kzpont s Knyvt r', '4561', 'Kzt rsas g tr 16.'),
(545, 'J˘zsef Attila V rosi Knyvt r s MŁzeum', '6900', 'De k Ferenc u. 2.'),
(546, 'Juh sz J cint Műveldsi H z - Knyvt r', '2146', 'F˘ti Łt 18.'),
(547, 'Juta Knyvt ri Szolg ltat˘hely', '7431', 'D˘zsa Gyrgy utca 29.'),
(548, 'K li ľltal nos Műveldsi Kzpont. J˘zsef Attila Knyvt r', '3350', 'R˘zsa Łt 9.'),
(549, 'K lm nfi Bla Műveldsi H z s Knyvt r', '2519', 'Hsk tere 10.'),
(550, 'Kalocsa Kultur lis Kzpont s Knyvt r. Tomori P l V rosi s Fiskolai Knyvt r', '6300', 'Kossuth Lajos u. 22.'),
(551, 'Kalocsai Fszkesegyh zi Knyvt r', '6300', 'Szenth roms g tr 1.'),
(552, 'Kamaraerdei Fi˘kknyvt r', '2040', 'Kismartoni utca 45.'),
(553, 'Kand˘ K lm n Műszaki Fiskola. Sz mĄt˘gptechnikai Intzet Knyvt ra', '8000', 'Budai u. 45.'),
(554, 'Kanizsai Dorottya MŁzeum  IfjŁs gi Centrum s Knyvt r', '7700', 'Etvs u. 2.'),
(555, 'Kaposv ri Egyetem Egyetemi Knyvt r', '7400', 'Guba S ndor u. 40.'),
(556, 'Kaposv ri Trvnyszk Knyvt ra', '7400', 'Bajcsy-Zsilinszky u. 3.'),
(557, 'K rm n J˘zsef V rosi Knyvt r s Kzssgi H z', '2721', 'K vai Łt 1.'),
(558, 'K roli G sp r Reform tus Egyetem ľllam- s Jogtudom nyi Kar Knyvt ra', '1042', 'Viola u. 2-4.'),
(559, 'K roli G sp r Reform tus Egyetem TanĄt˘kpz Fiskolai Kara Knyvt ra', '2750', 'Hsk tere 5.'),
(560, 'K roly R˘bert Fiskola Kar Knyvt ra', '3200', 'M trai Łt 36.'),
(561, 'K rolyi Kastly Knyvt r', '8052', 'Petfi u. 2.'),
(562, 'K rolyi Mih ly Kt TanĄt si Nyelvű Kzgazdas gi Szakkzpiskola Knyvt r', '1139', 'V ci Łt 89.'),
(563, 'Kartal Nagykzsgi Knyvt r', '2173', 'Baross u. 115.'),
(564, 'Kastly Knyvt r', '9317', 'Kossuth u. 2.'),
(565, 'Katasztr˘favdelem Kzponti MŁzeuma Knyvt r', '1105', 'Martinovics tr 12.'),
(566, 'Katolikus Pedag˘giai Szervezsi s Tov bbkpzsi Intzet Knyvt ra', '1068', 'V rosligeti fasor 42.'),
(567, 'Katona J˘zsef Műveldsi H z s Knyvt r', '6041', 'F u. 45.'),
(568, 'Katona Lajos V rosi Knyvt r', '2600', 'Budapesti fŁt 37.'),
(569, 'Katonai Nemzetbiztons gi Szolg lat Szakknyvt ra', '1111', 'Bart˘k Bla Łt 24-26.'),
(570, 'Kecskemti Reform tus Egyh zkzsg Knyvt ra s Levlt ra', '6000', 'Szabads g tr 7.'),
(571, 'Kecskemti Trvnyszk Knyvt ra', '6000', 'R k˘czi Łt 7. 122. szoba'),
(572, 'Kk Gza Műveldsi H z s Knyvt r', '2049', 'Sashegyi Łt 9.'),
(573, 'Kkcsei Kzsgi Knyvt r', '4494', 'F Łt 116.'),
(574, 'Keller Lajos V rosi Knyvt r s Kultur lis Kzpont', '6630', 'Szabads g tr 37.'),
(575, 'Kemenesaljai Műveldsi Kzpont s Knyvt r', '9500', 'dr. Gfin Lajos tr 1.'),
(576, 'Kemenesaljai Műveldsi Kzpont s Knyvt r Fi˘kknyvt ra Als˘s g', '9500', 'S gi u. 167.'),
(577, 'Kemenesaljai Műveldsi Kzpont s Knyvt r Fi˘kknyvt ra Izs kfa', '9500', 'Izs kfa u. 37'),
(578, 'Kengyeli J˘zsef Attila Műveldsi H z s Knyvt r', '5083', 'Kossuth L. u. 98.'),
(579, 'Kpes Gza V rosi Knyvt r', '4700', 'Bajcsy-Zs. u. 22.'),
(580, 'Keresztly Gyula V rosi Knyvt r', '7140', 'Hsk tere 1.'),
(581, 'Kertsz L szl˘ V rosi Knyvt r', '4220', 'Bocskai Istv n tr 2.'),
(582, 'Kertv rosi Fi˘kknyvt r', '5000', 'Napsug r u. 59.'),
(583, 'Kszenlti Rendrsg Knyvt ra', '1101', 'Kerepesi Łt 47-49.'),
(584, 'KĄn lgat˘. Iskolai s Gyermekknyvt r', '7030', 'IfjŁs g Łtja 2.'),
(585, 'Kincskeres Gyermekknyvt r', '7030', 'D˘zsa Gyrgy Łt 20.'),
(586, 'Kisfaludy K roly ľltal nos Műveldsi Kzpont V rosi Knyvt r', '9100', 'F u. 80.'),
(587, 'Kisfaludy S ndor Műveldsi Kzpont  Knyvt r s Emlkh z', '8330', 'Szchenyi Gy. u. 9-11.'),
(588, 'Kisfaludy S ndor Műveldsi Kzpont  Knyvt r s Emlkh z. V rosi Knyvt r gyermek rszlege', '8330', 'M rtĄrok Łtja 3.');
INSERT INTO `konyvtarak` (`id`, `konyvtarNev`, `irsz`, `cim`) VALUES
(589, 'Kiskunflegyh zi Petfi S ndor V rosi Knyvt r', '6100', 'Szent J nos tr 9.'),
(590, 'Kiskunhalas V ros nkorm nyzat nak Martonosi P l V rosi Knyvt ra', '6400', 'Szvetsg tr 11.'),
(591, 'Kiskunhalasi Reform tus Egyh zkzsg ThŁry J˘zsef Knyvt ra', '6400', 'Kossuth L. u. 14.'),
(592, 'Kisl ngi ľltal nos Műveldsi Kzpont. Műveldsi H z  Knyvt r', '8156', 'F u. 77.'),
(593, 'Kisnmedi Műveldsi H z s Kzsgi Knyvt r', '2165', 'F u. 7.'),
(594, 'Kispesti K rolyi Mih ly Magyar-Spanyol Tannyelvű Gimn zium Knyvt ra', '1191', 'Simonyi Zsigmond u. 33.'),
(595, 'Kisteleki Ede V rosi Knyvt r', '6760', 'Kossuth tr 2.'),
(596, 'KisŁjsz ll si Műveldsi Kzpont s Knyvt r', '5310', 'Szabads g tr 2/a'),
(597, 'Kisv rda V rosi K˘rh z. Orvosi Knyvt r', '4600', 'ľrp d u. 26.'),
(598, 'Kissz ll s Kzsg nkorm nyzat Műveldsi H z s Knyvt r', '6421', 'Felszabadul s u. 10.'),
(599, 'Kocsri ľltal nos Műveldsi Kzpont. Kzsgi Knyvt r', '2755', 'Kossuth L. u. 16.'),
(600, 'Kod ly Zolt n Zenepedag˘giai Intzet Knyvt ra s Zenepedag˘giai ArchĄvuma', '6000', 'Kttemplom kz 1.'),
(601, 'Kodol nyi J nos Fiskola Budapesti Oktat si Kzpont Knyvt r', '1139', 'Frangep n u. 50-56.'),
(602, 'Kodol nyi J nos Fiskola Knyvt r s Inform ci˘s Kzpont', '8000', 'Srh z tr 1.'),
(603, 'Kodol nyi J nos Fiskola Orosh zi Oktat si Kzpont Knyvt ra', '5900', 'Gyop rosi Łt 4.'),
(604, 'Koml˘ V ros nkorm nyzat J˘zsef Attila V rosi Knyvt r s Muze lis Gyűjtemny', '7300', 'V rosh z tr 1.'),
(605, 'Konecsni Gyrgy Kultur lis Kzpont  T jh z s V rosi Knyvt r', '6120', 'F u. 62.'),
(606, 'K˘s K roly Műveldsi H z s Knyvt r', '2011', 'Szentendrei Łt 9.'),
(607, 'Kossuth Lajos Kzssgi H z s Knyvt r', '2096', 'Iskola u. 4.'),
(608, 'Kossuth Lajos Műveldsi H z s Knyvt r', '2118', 'Pesti u. 5.'),
(609, 'Kossuth Műveldsi Kzpont s Hal sz Boldizs r V rosi Knyvt r', '2370', 'Ravasz L szl˘ u. 2.'),
(610, 'Kov cs M t V rosi Műveldsi Kzpont s Knyvt r', '4200', 'Szilf kalja u. 2.'),
(611, 'Koz rmislenyi Kzműveldsi Nonprofit Szolg ltat˘ Korl tolt Felelssgű T rsas g', '7761', 'Pcsi u. 1.'),
(612, 'Klcsey Ferenc ľltal nos Műveldsi Kzpont. Kzműveldsi s Nyilv nos Teleplsi Knyvt ri Intzmnyegysg', '4965', 'Klcsey F. u. 104.'),
(613, 'Klcsey Ferenc V rosi Knyvt r', '2112', 'F Łt 53.'),
(614, 'Knnyű L szl˘ V rosi Knyvt r s Helytrtneti Gyűjtemny', '7090', 'Szabads g u. 52.'),
(615, 'Knyvt r', '8253', 'Hal sz u. 6.'),
(616, 'Knyvt r s Műveldsi H z', '2490', 'Adonyi Łt 12.'),
(617, 'Knyvt r s Műveldsi H z T pi˘szele', '2766', 'Posta Łt 2.'),
(618, 'Knyvt ri  Inform ci˘s s Kzssgi Hely  Aba', '8127', 'R k˘czi utca 4/B.'),
(619, 'Knyvt ri  Inform ci˘s s Kzssgi Hely  Baracs', '2427', 'Szabads g tr 8.'),
(620, 'Knyvt ri  Inform ci˘s s Kzssgi Hely  Kincsesb nya', '8044', 'Iskola utca 3.'),
(621, 'Knyvt ri  Inform ci˘s s Kzssgi Hely Csob nka', '2014', 'Bke u. 4.'),
(622, 'Knyvt ri  Inform ci˘s s Kzssgi Hely Ggny', '4517', 'R k˘czi u. 42.'),
(623, 'Knyvt ri  Inform ci˘s s Kzssgi Hely HvĄzgyrk', '2192', 'Kossuth L. u. 19.'),
(624, 'Knyvt ri  Inform ci˘s s Kzssgi Hely Iv n', '9374', 'R k˘czi sor 15.'),
(625, 'Knyvt ri  Inform ci˘s s Kzssgi Hely Kisoroszi', '2024', 'Hsk tere 1.'),
(626, 'Knyvt ri  Inform ci˘s s Kzssgi Hely Kunsz ll s', '6115', 'Kossuth Lajos utca 5.'),
(627, 'Knyvt ri  Inform ci˘s s Kzssgi Hely Mende', '2235', 'Szent Istv n park 1.'),
(628, 'Knyvt ri  Inform ci˘s s Kzssgi Hely Mikebuda', '2736', 'Iskola u. 8.'),
(629, 'Knyvt ri  Inform ci˘s s Kzssgi Hely NyĄri', '3997', 'Felszabadul s u. 55.'),
(630, 'Knyvt ri  Inform ci˘s s Kzssgi Hely NyĄrkar sz', '4544', 'F Łt 67.'),
(631, 'Knyvt ri  Inform ci˘s s Kzssgi Hely Pilissz nt˘', '2095', 'Kossuth Lajos utca 90.'),
(632, 'Knyvt ri  Inform ci˘s s Kzssgi Hely S˘skŁt', '2038', 'Tulip n u. 9.'),
(633, 'Knyvt ri  Inform ci˘s s Kzssgi Hely Sz r', '2066', 'R k˘czi F. u. 102.'),
(634, 'Knyvt ri  Inform ci˘s s Kzssgi Hely Tinnye', '2086', 'Kossuth L. u. 10.'),
(635, 'Knyvt ri  Inform ci˘s s Kzssgi Hely Vasad', '2211', 'Petfi S. u. 28.'),
(636, 'Knyvt ri  Inform ci˘s s Kzssgi Hely Vereb', '2477', 'Vajda J. Łt 5.'),
(637, 'Knyvt ri Inform ci˘s s Kzssgi Hely  Bodajk', '8053', 'B ny sz ltp.16.'),
(638, 'Knyvt ri Szolg ltat˘ Hely  Helvcia', '6034', 'Petfi S ndor utca 22.'),
(639, 'Knyvt ri Szolg ltat˘ Hely  Miske', '6343', 'Haj˘si u. 1.'),
(640, 'Knyvt ri Szolg ltat˘ Hely  regcsert', '6311', 'Kossuth utca 125.'),
(641, 'Krmendi Kultur lis Kzpont  MŁzeum s Knyvt r', '9900', 'Dr. Batthy ny-Strattmann L. u. 4.'),
(642, 'Krs Műveldsi H z s Knyvt r', '5561', 'Istv n kir ly u. 16.'),
(643, 'Krs-vidki VĄzgyi Igazgat˘s g Műszaki Knyvt ra Gyula', '5700', 'V rosh z u. 26.'),
(644, 'Krslad nyi ľltal nos Műveldsi Kzpont', '5516', 'Petfi tr 2.'),
(645, 'Kzp-Eur˘pai Egyetem Knyvt ra Central European University Library', '1051', 'N dor u. 9.'),
(646, 'Kzigazgat si s Igazs ggyi Minisztrium Knyvt r', '1055', 'Kossuth tr 2-4.'),
(647, 'Kzműveldsi s Iskolai Knyvt r', '8685', 'F u. 94.'),
(648, 'Kzműveldsi s Iskolai Knyvt r Beremend', '7827', 'Kossuth L. u. 2.'),
(649, 'Kzműveldsi Intzmny s Knyvt r', '8174', 'T ncsics Mih ly u. 24.'),
(650, 'Kzműveldsi Knyvt r', '2765', 'ZrĄnyi utca 2.'),
(651, 'Kzműveldsi Knyvt r s Teleh z J szfelsszentgyrgy', '5111', 'F u. 63.'),
(652, 'Kzműveldsi Kzpont s Knyvt r In ncs', '3851', 'R k˘czi u. 7.'),
(653, 'Kzműveldsi Kzpont. Pedag˘giai Szakknyvt r s Oktat strtneti Gyűjtemny', '3752', 'F Łt 18.'),
(654, 'Kzssgi H z s Knyvt r', '3571', 'Grgey A. u. 1.'),
(655, 'Kzssgi H z s V rosi Knyvt r', '4138', 'F u. 5-9.'),
(656, 'Kzssgi H z s V rosi Knyvt r', '2360', 'Krsi Łt 118-120.'),
(657, 'Kzssgi-Kultur lis Kzpont s Knyvt r', '2457', 'R k˘czi u. 28.'),
(658, 'KzPont éjbudai Kultur lis  Pedag˘giai s Mdia Korl tolt Felelssgű T rsas g. Kelenvlgyi Knyvt r', '1116', 'Bazsalikom u. 24.'),
(659, 'Kzponti Papnevel Intzet P los Knyvt ra', '1053', 'Papnvelde u. 7.'),
(660, 'Kzponti Statisztikai Hivatal Knyvt r', '1024', 'Keleti K roly u. 5.'),
(661, 'KzŁti Szakgyűjtemny', '6200', 'D˘zsa Gyrgy Łt 38.'),
(662, 'Kzsgi s ľltal nos Iskolai Knyvt r', '3356', 'F Łt 2.'),
(663, 'Kzsgi s ľltal nos Iskolai Knyvt r', '3355', 'Petfi u. 9.'),
(664, 'Kzsgi s Iskolai Knyvt r', '8112', 'Iskola u. 6.'),
(665, 'Kzsgi s Iskolai Knyvt r', '4325', 'K ll˘i u. 6-8.'),
(666, 'Kzsgi s Iskolai Knyvt r', '3369', 'Kossuth tr 5.'),
(667, 'Kzsgi s Iskolai Knyvt r', '4472', 'Petfi Łt 1.'),
(668, 'Kzsgi s Iskolai Knyvt r', '3271', 'Petfi Łt 7.'),
(669, 'Kzsgi s Iskolai Knyvt r', '2244', 'R k˘czi u. 35.'),
(670, 'Kzsgi s Iskolai Knyvt r Kerecsend', '3396', 'Bereksori u. 2.'),
(671, 'Kzsgi s Iskolai Knyvt r r', '4336', 'Arany J. u. 2.'),
(672, 'Kzsgi Knyvt r', '4211', 'Ady Endre u. 6-8.'),
(673, 'Kzsgi Knyvt r', '8041', 'Ady Endre utca 35.'),
(674, 'Kzsgi Knyvt r', '2167', 'Bke tr 1.'),
(675, 'Kzsgi Knyvt r', '2724', 'D˘zsa Gyrgy u. 1.'),
(676, 'Kzsgi Knyvt r', '2309', 'Dundity A. u. 43.'),
(677, 'Kzsgi Knyvt r', '3915', 'F u. 57.'),
(678, 'Kzsgi Knyvt r', '9245', 'F u. 82.'),
(679, 'Kzsgi Knyvt r', '7011', 'F utca 164.'),
(680, 'Kzsgi Knyvt r', '2024', 'Hsk tere 1.'),
(681, 'Kzsgi Knyvt r', '8713', 'Hunyadi u. 2.'),
(682, 'Kzsgi Knyvt r', '2217', 'J˘kai M˘r u. 21.'),
(683, 'Kzsgi Knyvt r', '9082', 'J˘kai Łt 21.'),
(684, 'Kzsgi Knyvt r', '4064', 'Kiserd Łt 1.'),
(685, 'Kzsgi Knyvt r', '4331', 'Kossuth u. 19.'),
(686, 'Kzsgi Knyvt r', '2175', 'Kossuth u. 30.'),
(687, 'Kzsgi Knyvt r', '2176', 'Kossuth Łt 51.'),
(688, 'Kzsgi Knyvt r', '4515', 'Klcsey Ferenc u. 34.'),
(689, 'Kzsgi Knyvt r', '2463', 'Kzt rsas g Łt 1.'),
(690, 'Kzsgi Knyvt r', '9081', 'Liszt F. u. 9.'),
(691, 'Kzsgi Knyvt r', '6085', 'Petfi S ndor u. 12.'),
(692, 'Kzsgi Knyvt r', '2163', 'Petfi tr 6.'),
(693, 'Kzsgi Knyvt r', '2211', 'Petfi u. 28.'),
(694, 'Kzsgi Knyvt r', '9422', 'Soproni u. 10.'),
(695, 'Kzsgi Knyvt r', '7041', 'Szabads g tr 1.'),
(696, 'Kzsgi Knyvt r', '2163', 'Szabads g Łt 28.'),
(697, 'Kzsgi Knyvt r', '2181', 'Szabads g Łt 61.'),
(698, 'Kzsgi Knyvt r', '6065', 'Szchenyi krt. 35.'),
(699, 'Kzsgi Knyvt r', '2214', 'Szilassy u. 3.'),
(700, 'Kzsgi Knyvt r', '8705', 'T ncsics u. 1/a.'),
(701, 'Kzsgi Knyvt r B nk', '2653', 'Kis u. 1.'),
(702, 'Kzsgi Knyvt r s Kzssgi H z', '2212', 'Kossuth L. u. 43/c'),
(703, 'Kzsgi Knyvt r s Szabadidkzpont', '5244', 'Szabads g tr 5.'),
(704, 'Kzsgi Knyvt r Galgam csa', '2183', 'Petfi u. 17.'),
(705, 'Kzsgi Knyvt r HajdŁbagos', '4273', 'Iskola u. 18.'),
(706, 'Kzsgi Knyvt r Kakucs', '2366', 'F u. 24.'),
(707, 'Kzsgi Knyvt r N˘gr ds p', '2685', 'Hunyadi Łt 2.'),
(708, 'Kzsgi Knyvt r Pilisszentiv n', '2084', 'Szabads g Łt 85.'),
(709, 'Kzsgi Knyvt r Sereglyes', '8111', 'Szchenyi u. 1.'),
(710, 'Kzsgi Knyvt r Szirmabeseny', '3711', 'Kossuth u. 42.'),
(711, 'Kzsgi Knyvt r T pi˘szls', '2769', 'Kossuth Lajos Łt 1-3.'),
(712, 'Kzsgi Kzknyvt r T˘szeg', '5091', 'R k˘czi Łt 35.'),
(713, 'Kzsgi Kultur lis Kzpont s Knyvt r', '5471', 'T ncsics M. Łt 2-4.'),
(714, 'Kzsgi Műveldsi H z  Knyvt r s Iskolai Knyvt r  Teleh z', '3377', 'Hunyadi Łt 138.'),
(715, 'Kresz Gza MentmŁzeum Knyvt ra', '1055', 'Mark˘ u. 22.'),
(716, 'KTI Kzlekedstudom nyi Intzet Nonprofit Kft. Dokument ci˘s s Inform ci˘s Kzpontja', '1119', 'Th n K roly u. 3-5.'),
(717, 'Kubinyi Ferenc MŁzeum s KrŁdy Gyula Knyvt r', '3170', 'Ady E. Łt 12.'),
(718, 'Kubinyi Ferenc MŁzeum s KrŁdy Gyula Knyvt r (MŁzeum knyvt ra)', '3170', 'Ady Endre u. 7.'),
(719, 'Kultur lis s Konferencia Kzpont  Nmeti Ferenc V rosi Knyvt r', '3910', 'Bajcsy-Zsilinszky u. 7-9.'),
(720, 'Kunhegyes V rosi Knyvt r s Kzműveldsi Intzmny', '5340', 'Ady E. u. 2.'),
(721, 'Kunoss Endre Kzsgi-Iskolai Knyvt r', '8124', 'Szent Istv n tr 21.'),
(722, 'Kunszentm rtoni ľMK J˘zsef Attila Knyvt r Intzmnyegysge', '5440', 'Kossuth Lajos u. 40.'),
(723, 'Kuny Domokos MŁzeum  Tata. Knyvt r', '2890', 'regv r V ralja u. 1-3.'),
(724, 'KŁria Try Guszt v Jogi Szakknyvt ra', '1055', 'Mark˘ u. 16.'),
(725, 'Kurity ni Műveldsi H z s Knyvt r KzhasznŁ Egyeslet', '3732', 'Kossuth L. u. 136.'),
(726, 'Klgazdas gi s Klgyminisztrium B nffy Mikl˘s Szakknyvt ra', '1027', 'Bem rkp. 47.'),
(727, 'Klgyi s Klgazdas gi Intzet Knyvt ra', '1027', 'Brc u. 13-15.'),
(728, 'Laczk˘ Dezs MŁzeum Knyvt ra', '8200', 'Trk Ign c u. 7.'),
(729, 'Lad Kzsgi s Iskolai Knyvt r', '7535', 'Szabads g tr 23.'),
(730, 'Lajosmizse V ros Műveldsi H za s Knyvt ra', '6050', 'Szabads g tr 12.'),
(731, 'Lajosmizse V ros Műveldsi H za s Knyvt ra Harm˘nia Integr lt Szoci lis Intzmny Lajosmizsei Telephely Fi˘kknyvt ra', '6050', 'D˘zsa Gyrgy Łt 2.'),
(732, 'Lajosmizse V ros Műveldsi H za s Knyvt ra Lajosmizsei Fekete Istv n Sportiskolai ľltal nos Iskola Fi˘kknyvt ra', '6050', 'Szabads g tr 13.'),
(733, 'Lajtha L szl˘ Művszeti s Kultur lis Szolg ltat˘ KzhasznŁ Non-profit Kft.', '6440', 'Kossuth u. 3.'),
(734, 'Lamberg-kastly Kultur lis Kzpont', '8060', 'Szent Istv n tr 5.'),
(735, 'L nycs˘k Kzsgi Knyvt r', '7759', 'D˘zsa u. 51.'),
(736, 'L z r Ervin V rosi Knyvt r s Szemere P l Műveldsi H z', '2119', 'Isaszegi Łt 3.'),
(737, 'Lechner Tud skzpont Terleti  pĄtszeti s Informatikai Nonprofit Korl tolt Felelssgű T rsas g. pĄtsgyi Dokument ci˘s s Inform ci˘s Kzpont', '1111', 'Budafoki Łt 59. E/3'),
(738, 'Legfbb gyszsg Knyvt ra', '1055', 'Mark˘ u. 16.'),
(739, 'Lengyel Menyhrt V rosi Knyvt r', '4060', 'D˘zsa Gy. u. 1.'),
(740, 'Lengyelt˘ti V rosi Műveldsi H z s Knyvt r', '8693', 'R k˘czi Łt 22.'),
(741, 'Ltavrtes V rosi Knyvt r s Műveldsi H z', '4281', 'R˘zsa u. 1.'),
(742, 'Ligetalja Knyvt r NyĄracs d', '4262', 'Kassai u. 4.'),
(743, 'Lipt k G bor V rosi Knyvt r', '8230', 'Kossuth Lajos u. 35.'),
(744, 'Liszt Ferenc Zeneművszeti Egyetem Kzponti Knyvt ra', '1061', 'Liszt Ferenc tr 8.'),
(745, 'Lrinci V rosi Knyvt r', '3021', 'Szabads g tr 4/a'),
(746, 'Mad ch Imre V rosi Knyvt r', '2660', 'R k˘czi fejedelem Łtja 50.'),
(747, 'Mad ch Imre V rosi Knyvt r Letti Knyvt ra (V rosi Idsek Otthona)', '2660', 'Markusovszky u. 1.'),
(748, 'Madar sz J˘zsef V rosi Knyvt r', '7000', 'Ady Endre u. 105.'),
(749, 'Madar sz K roly Műveldsi Intzmny s Knyvt r', '5420', 'Petfi tr 2-4.'),
(750, 'MagH z Centrum Nonprofit Kft. Szebernyi Lajos V rosi Knyvt r', '2234', 'F u. 4-6.'),
(751, 'Magos Műveldsi H z s Knyvt r', '2942', 'Kossuth Lajos u. 2.'),
(752, 'Magyar Ayurveda Gy˘gy szati AlapĄtv ny Khsz. Knyvt ra', '1136', 'T tra u. 24.'),
(753, 'Magyar Bencs Kongreg ci˘ Pannonhalmi Fap ts g Fap ts gi Knyvt r', '9090', 'V r 1.'),
(754, 'Magyar Bev s rl˘kzpontok Szvetsge Knyvt r', '1143', 'Ut sz u. 9.'),
(755, 'Magyar Ferences Knyvt r', '1024', 'Margit krŁt 23.'),
(756, 'Magyar Fldrajzi T rsas g Knyvt r', '1112', 'Budarsi Łt 45.'),
(757, 'Magyar Fldtani s Geofizikai Intzet. Orsz gos Fldtani Szakknyvt r', '1143', 'Stef nia Łt 14.'),
(758, 'Magyar Fldtani s Geofizikai Intzet. Orsz gos Geofizikai Szakknyvt r', '1145', 'Columbus u. 17-23.'),
(759, 'Magyar Honvdsg Egszsggyi Kzpont Egszsggyi FelkszĄt s Tov bbkpz Intzet Knyvt ra', '1183', 'Tnde u. hrsz. 0137664'),
(760, 'Magyar Honvdsg Egszsggyi Kzpont HvĄzi Mozg sszervi Rehabilit ci˘s Intzet Knyvt ra', '8380', 'Ady Endre u. 31.'),
(761, 'Magyar Honvdsg Egszsggyi Kzpont HvĄzi Rehabilit ci˘s Intzet Knyvt ra', '8380', 'Kossuth Lajos u. 7/a.'),
(762, 'Magyar Honvdsg Egszsggyi Kzpont Kardiol˘giai Rehabilit ci˘s Intzet Knyvt ra', '8230', 'Szabads g Łt 5.'),
(763, 'Magyar Honvdsg Egszsggyi Kzpont Replorvosi-  Alkalmass gvizsg l˘ s Gy˘gyĄt˘ Intzet Tudom nyos Fi˘kknyvt ra  Kecskemt', '6000', 'Balaton u. 17.'),
(764, 'Magyar Honvdsg Egszsggyi Kzpont Vdelem-egszsggyi Igazgat˘s g Vdelem-egszsggyi Laborat˘riumi Intzet Tudom nyos Knyvt r', '1134', 'R˘bert K. krt. 44.'),
(765, 'Magyar Honvdsg vitz Szurmay S ndor Budapest Helyrsg Dand r Kultur lis s Rekre ci˘s Igazgat˘s g Stef nia Palota - Honvd Kultur lis Kzpont Knyvt ra', '1143', 'Stef nia u. 34-36.'),
(766, 'Magyar Honvdsg. A Kecskemti Replk˘rh z Szakknyvt ra', '6000', 'Balaton u. 17.'),
(767, 'Magyar Imre K˘rh z. Orvosi Knyvt r', '8400', 'Kor nyi F. u. 1.'),
(768, 'Magyar Irodalom H za Magyar Irodalmi MŁzeum - Kort rs Irodalmi Kzpont', '1053', 'K rolyi Mih ly u. 16.'),
(769, 'Magyar Kpzművszeti Egyetem Knyvt ra', '1062', 'Andr ssy Łt 69-71.'),
(770, 'Magyar Kereskedelmi s Vendgl t˘ipari MŁzeum Knyvt r', '1036', 'Korona tr 1.'),
(771, 'Magyar Krnyezetvdelmi s VĄzgyi MŁzeum Knyvt ra', '2500', 'Klcsey Ferenc u. 2.'),
(772, 'Magyar Kzgazdas gi T rsas g Klubknyvt ra', '9024', 'Aradi vrtanŁk u. 12.'),
(773, 'Magyar Mezgazdas gi MŁzeum s Knyvt r Agr rtrtneti Szakknyvt ra', '1146', 'V rosliget Vajdahunyadv r'),
(774, 'Magyar Mezgazdas gi MŁzeum s Knyvt r. Mezgazdas gi Knyvt r', '1012', 'Attila Łt 93.'),
(775, 'Magyar Műszaki s Kzlekedsi MŁzeum Knyvt ra', '1146', 'V rosligeti krt. 11.'),
(776, 'Magyar Műszaki s Kzlekedsi MŁzeum Kzponti Knyvt r', '1146', 'V rosligeti krt. 11.'),
(777, 'Magyar Műszaki s Kzlekedsi MŁzeum ntdei Gyűjtemnye', '1027', 'Bem J˘zsef utca 20.'),
(778, 'Magyar Művszeti Akadmia Szakknyvt ra', '1051', 'Vigad˘ tr 2.'),
(779, 'Magyar Nemzeti Digit lis ArchĄvum s Filmintzet Knyvt ra', '1021', 'Budakeszi Łt 51/c.'),
(780, 'Magyar Nemzeti Galria Knyvt ra', '1014', 'Szent Gyrgy tr 2.'),
(781, 'Magyar Nemzeti Levlt r B cs-Kiskun Megyei Levlt ra Szakknyvt ra', '6000', 'Klapka u. 13-15.'),
(782, 'Magyar Nemzeti Levlt r Baranya Megyei Levlt r Knyvt ra', '7621', 'Kir ly utca 11.'),
(783, 'Magyar Nemzeti Levlt r Bks Megyei Levlt ra Knyvt ra', '5700', 'Petfi tr 2.'),
(784, 'Magyar Nemzeti Levlt r BK Megyei Levlt ra Kiskunflegyh zi Rszlege Szakknyvt ra', '6100', 'Kossuth Lajos u. 1.'),
(785, 'Magyar Nemzeti Levlt r BK Megyei Levlt ra Kiskunhalasi Rszlege Szakknyvt ra', '6400', 'Dr. Nagy M˘r u. 12-14.'),
(786, 'Magyar Nemzeti Levlt r Fejr Megyei Levlt r Knyvt ra', '8000', 'Kikindai u. 3.'),
(787, 'Magyar Nemzeti Levlt r Gyr-Moson-Sopron Megye Soproni Levlt ra Knyvt ra', '9400', 'F tr 1.'),
(788, 'Magyar Nemzeti Levlt r Heves Megyei Levlt ra Knyvt ra', '3300', 'M ty s kir ly Łt 62.'),
(789, 'Magyar Nemzeti Levlt r Kom rom-Esztergom Megyei Levlt ri Szakknyvt ra', '2500', 'Vrsmarty u. 7.'),
(790, 'Magyar Nemzeti Levlt r N˘gr d Megyei Levlt ra Z rt ForgalmŁ Tudom nyos Szakknyvt ra', '3100', 'Bem Łt 18.'),
(791, 'Magyar Nemzeti Levlt r Orsz gos Levlt ra Levlt rtudom nyi Szakknyvt r', '1014', 'Bcsi kapu tr 4.'),
(792, 'Magyar Nemzeti Levlt r Pest Megyei Levlt r Szakknyvt ra', '1097', 'V g˘hĄd u. 7.'),
(793, 'Magyar Nemzeti Levlt r Szabolcs-Szatm r-Bereg Megyei Levlt ra Szakknyvt ra', '4400', 'Szchenyi u. 4.'),
(794, 'Magyar Nemzeti Levlt r Tolna Megyei Levlt ra Knyvt r', '7100', 'Bla tr 1.'),
(795, 'Magyar Nemzeti Levlt r Vas Megyei Levlt ra Szakknyvt ra', '9700', 'Hefele Menyhrt u. 1.'),
(796, 'Magyar Nemzeti MŁzeum Kzponti Knyvt r', '1088', 'MŁzeum krt. 14-16.'),
(797, 'Magyar Numizmatikai T rsulat Knyvt ra', '1085', 'Csepreghy u. 4. II. em. 15.'),
(798, 'Magyar Rekl mszvetsg Szakknyvt ra', '1074', 'Dob u. 45.'),
(799, 'Magyar Szabv nygyi Testlet. Inform ci˘s Kzpont', '1091', 'lli Łt 25.'),
(800, 'Magyar T ncművszeti Fiskola V lyi R˘zsi Knyvt ra', '1145', 'Columbus u. 87-89.'),
(801, 'Magyar Telekom Nyrt. Infotka Knyvt r', '1013', 'Krisztina krt. 55.'),
(802, 'Magyar Termszettudom nyi MŁzeum Kzponti Knyvt r', '1083', 'Ludovika tr 2-6.'),
(803, 'Magyar Termszettudom nyi MŁzeum M tra MŁzeum Knyvt ra', '3200', 'Kossuth Lajos u. 40.'),
(804, 'Magyar Tudom nyos Akadmia Geodziai s Geofizikai Intzet Knyvt ra', '9400', 'Csatkai E. u. 6-8.'),
(805, 'Magyar Tudom nyos Akadmia Knyvt r s Inform ci˘s Kzpont', '1051', 'Arany J nos u. 1.'),
(806, 'Magyar Tudom nyos Akadmia Kzgazdas gi s Region lis Tudom nyi Kutat˘kzpont Region lis Kutat sok Intzete Dun ntŁli Tudom nyos Oszt ly Knyvt ra', '7621', 'Papnvelde u. 22.'),
(807, 'Magyar Tudom nyos Akadmia Termszettudom nyi Kutat˘kzpont Tudom nyos Titk rs g s Inform ci˘s Kzpont', '1117', 'Magyar tud˘sok krŁtja 2.'),
(808, 'Magyar Tudom nyos Akadmia. A Mezgazdas gi Kutat˘intzet Knyvt ra', '2462', 'Brunszvik u. 2.'),
(809, 'Magyar Tudom nyos Akadmia. Az Atommagkutat˘ Intzet Knyvt ra', '4026', 'Bem tr 18/C'),
(810, 'Magyar Tudom nyos Akadmia. Kzgazdas gtudom nyi Kutat˘kzpont Knyvt ra', '1112', 'Budarsi Łt 45.'),
(811, 'Magyar Tudom nyos Akadmia. kol˘giai s Botanikai Kutat˘intzet. A Magyar Dunakutat˘ ľllom s Knyvt ra', '2131', 'J vorka S ndor u. 14.'),
(812, 'Magyar Tudom nyos Akadmia. kol˘giai Kutat˘kzpont. Knyvt r', '8237', 'Klebelsberg Kuno u. 3.'),
(813, 'Magyar Tudom nyos Akadmia. Szegedi Biol˘giai Kutat˘kzpont Knyvt ra', '6726', 'Temesv ri krt. 62.'),
(814, 'Magyar Tudom nyos Akadmia. Termszettudom nyi Kutat˘kzpont Knyvt ra', '1117', 'Magyar tud˘sok krŁtja 2.'),
(815, 'Magyar Vakok s Gyengnl t˘k Orsz gos Szvetsge Hangos- s Braille Knyvt r', '1146', 'Hermina Łt 47.'),
(816, 'Magyar Vegyszeti MŁzeum. Az AlapĄtv nyi MŁzeum Knyvt ra', '8100', 'Thury-v r'),
(817, 'Magyar-kŁt Knyvt r s Kzműveldsi Intzmny', '2091', 'AlcsŁti Łt 1.'),
(818, 'Magyarorsz gi Nmet Kultur lis s Inform ci˘s Kzpont s Knyvt r', '1062', 'Lendvay u. 22.'),
(819, 'Magyarorsz gi Reform tus Egyh z Bethesda Gyermekk˘rh z Knyvt r', '1146', 'Bethesda u. 3.'),
(820, 'Magyarorsz gi Ruszinok Knyvt ra', '1147', 'Gyarmat u. 85/b.'),
(821, 'Magyarorsz gi Unit rius Egyh z Knyvt ra', '1055', 'Nagy Ign c u. 2-4. I./19.'),
(822, 'Magyary-Kossa S muel Knyvt r', '2711', 'Bart˘k Bla Łt 1.'),
(823, 'Mak d Kzsg nkorm nyzat Nyilv nos Knyvt ra', '2322', 'Kossuth L. u. 52.'),
(824, 'M lyi M˘ra Ferenc Kzssgi H z s Knyvt r', '3434', 'Botond u. 3-5.'),
(825, 'Mannheim K roly Szakknyvt r', '8000', 'R k˘czi utca 25.'),
(826, 'M rai S ndor Kzműveldsi Intzmny s V rosi Knyvt r', '2314', 'Erkel Ferenc u. 2-4.'),
(827, 'Markazi Knyvt r s Kzműveldsi Intzmny', '3262', 'Mikes Kelemen u. 5-7.'),
(828, 'M rtly ľltal nos Műveldsi Kzpont. Műveldsi H z - Knyvt r', '6636', 'F u. 49.'),
(829, 'Martfű V rosi Műveldsi Kzpont s Knyvt r', '5435', 'M rtĄrok Łt 1.'),
(830, 'M traballa Kzsg nkorm nyzat Kzsgi Knyvt r s Kzssgi SzĄntr', '3247', 'F Łt 87.'),
(831, 'M ty s Kir ly Műveldsi H z s V rosi Knyvt r', '2025', 'Szchenyi u. 11.'),
(832, 'MľV K˘rh z s Rendelintzet. Orvosi Knyvt r', '5000', 'Verseghy u. 6-8.'),
(833, 'Medgyesegyh za V ros nkorm nyzat Műveldsi H z s Knyvt r', '5666', 'Kossuth tr 25.'),
(834, 'Mdiaszolg ltat s-t mogat˘ s Vagyonkezel Alap Szakknyvt r', '1088', 'Br˘dy S ndor u. 5-7.'),
(835, 'Mdiaszolg ltat s-t mogat˘ s Vagyonkezel Alap T mogat si Terlet Knyvt ra', '1052', 'Pollack Mih ly tr 10.'),
(836, 'Mliusz Juh sz Pter Knyvt r', '4026', 'Bem tr 19.'),
(837, 'Mliusz Juh sz Pter Knyvt r Benedek Elek Fi˘kknyvt ra', '4024', 'Piac utca 68.'),
(838, 'Mliusz Juh sz Pter Knyvt r Csap˘kerti Fi˘kknyvt ra', '4033', 'M ty s Kir ly Łt 29.'),
(839, 'Mliusz Juh sz Pter Knyvt r Homokkerti Fi˘kknyvt ra', '4030', 'Szab˘ K lm n u. 33.'),
(840, 'Mliusz Juh sz Pter Knyvt r Istv n Łti Fi˘kknyvt ra', '4031', 'Istv n Łt 11.'),
(841, 'Mliusz Juh sz Pter Knyvt r J˘zsef Attila-telepi Fi˘kknyvt ra', '4030', 'Monostorp lyi Łt 110.'),
(842, 'Mliusz Juh sz Pter Knyvt r Kart cs utcai Fi˘kknyvt ra', '4032', 'Kart cs utca 2.'),
(843, 'Mliusz Juh sz Pter Knyvt r Libakerti Fi˘kknyvt ra', '4027', 'Viola u. 23/a.'),
(844, 'Mliusz Juh sz Pter Knyvt r NyugdĄjasok H za Fi˘kknyvt ra', '4032', 'Thomas Mann u. 45.'),
(845, 'Mliusz Juh sz Pter Knyvt r Petfi Emlkknyvt ra', '4029', 'VĄztorony utca 13.'),
(846, 'Mliusz Juh sz Pter Knyvt r T˘c˘skerti Iskolai- s Gyermekknyvt ra', '4031', 'Margit tr 19.'),
(847, 'Mliusz Juh sz Pter Knyvt r éjkerti Fi˘kknyvt ra', '4032', 'Jerik˘ utca 17-19.'),
(848, 'Msz ros K roly V rosi Knyvt r', '4087', 'Bszrmnyi Łt 7.'),
(849, 'Mezcs ti ľltal nos Műveldsi Kzpont. Kiss J˘zsef Kzssgi H z s Knyvt ra', '3450', 'Szent Istv n u. 21.'),
(850, 'Mezhegyes V ros Kpviseltestletnek J˘zsef Attila ľltal nos Műveldsi Kzpont Knyvt ra', '5820', 'Bke park 1.'),
(851, 'Mezkov csh zi V rosi Knyvt r', '5800', 'ľrp d u. 162.'),
(852, 'Mezkvesdi KZKINCS-TľR Kultur lis  Knyvt ri  Turisztikai s MŁzeumi Nonprofit Kft. V rosi Knyvt ra', '3400', 'Mad ch Imre u. 1.'),
(853, 'MeztŁri M˘ricz Zsigmond V rosi Knyvt r', '5400', 'Szabads g tr 17.'),
(854, 'MH 12. Arrabona Lgvdelmi Raktaezred Knyvt ra', '9027', 'Laktanya u. 1.'),
(855, 'MH 37. II. R k˘czi Ferenc Műszaki Ezred Knyvt r', '6600', 'Csongr di Łt 108.'),
(856, 'MH 5. Bocskai Istv n Lvszdand r Knyvt ra', '4027', 'Fredi Łt 59-63.'),
(857, 'MH 5. Bocskai Istv n Lvszdand r ZrĄnyi Laktanya Knyvt ra', '6800', 'Ady Endre u. 45-47.'),
(858, 'MH 64. Bocon di Szab˘ J˘zsef Logisztikai Ezred Knyvt ra', '7400', 'Fredi u. 146/a.'),
(859, 'MH 86. Szolnok Helikopter B zis Knyvt r Szandaszls', '5008', 'Pf. 5.'),
(860, 'MH Altiszti Akadmia Knyvt ra', '2000', 'D˘zsa Gyrgy u. 12-14.'),
(861, 'MH Bakony Harckikpz Kzpont Knyvt ra', '8100', 'ľrp d Łt 1.'),
(862, 'MH Egszsggyi Kzpont Mozg sszervi Rehabilit ci˘s Intzet Knyvt r', '8380', 'Ady Endre u. 31.'),
(863, 'MH Egszsggyi Kzpont Tudom nyos Knyvt r 2. sz. telephely', '1062', 'Podmaniczky u. 111.'),
(864, 'MH Geoinform ci˘s Szolg lat Szakknyvt r', '1024', 'Szil gyi Erzsbet fasor 7-9.'),
(865, 'MH Honvdk˘rh z Balatonfredi Kardiol˘giai Rehabilit ci˘s Intzet Knyvt r', '8230', 'Szabads g u. 5.'),
(866, 'Mih lyfi Ern Műveldsi H z s Knyvt r', '3042', 'Szabads g Łt 26.'),
(867, 'Miksz th K lm n ľltal nos Iskola s ŕvoda Tagintzmnye: Kzsgi Knyvt r', '3132', 'Petfi Łt 100.'),
(868, 'Miksz th K lm n Knyvt r s Faluh z', '3064', 'Bke Łt 4-6.'),
(869, 'Miksz th K lm n Kzműveldsi Intzmny Knyvt r s IfjŁs gi H z', '2659', 'R k˘czi u. 120.'),
(870, 'Miskolci Egyetem Knyvt r  Levlt r  MŁzeum', '3515', 'Egyetemv ros'),
(871, 'Miskolci Egyetem. Comenius TanĄt˘kpz Fiskolai Kar Knyvt ra', '3950', 'Etvs Łt 7.'),
(872, 'Miskolci Trvnyszk Knyvt ra', '3525', 'D˘zsa Gyrgy u. 4.'),
(873, 'MNL GYMS Megye Gyri Levlt ra', '9022', 'Liszt Ferenc utca 13.'),
(874, 'MNL HB Megyei Levlt ra', '4024', 'V rmegyeh za u. 1/b.'),
(875, 'MNL JNSZ Megyei Levlt ra', '5000', 'Pozsonyi Łt 40-42.'),
(876, 'MNL PML Nagykrsi Oszt ly fi˘kknyvt ra', '2750', 'Hsk ter 4.'),
(877, 'Mogyor˘ssy J nos V rosi Knyvt r', '5700', 'V rosh z u. 13.'),
(878, 'Mogyor˘ssy J nos V rosi Knyvt r. Gyulav ri fi˘kknyvt r', '5711', 'Illys Gyu. u. 4.'),
(879, 'Mogyor˘ssy J nos V rosi Knyvt r. Trkzugi fi˘kknyvt r', '5700', 'P˘steleki u. 30.'),
(880, 'Moholy-Nagy Művszeti Egyetem Knyvt ra', '1121', 'Zugligeti Łt 9-25.'),
(881, 'Monoki Iskolai s Kzsgi Knyvt r', '3905', 'D˘zsa Gyrgy utca 19/a.'),
(882, 'M˘ra Ferenc Kultur lis Kzpont s Knyvt r', '2730', 'Pesti Łt 52.'),
(883, 'M˘ra Ferenc MŁzeum Szakknyvt ra', '6720', 'Roosvelt tr 1-3.'),
(884, 'M˘ra Ferenc Műveldsi H z s Knyvt r', '6786', 'Alkotm ny tr 2.'),
(885, 'M˘ra Ferenc V rosi Knyvt r s MŁzeum', '9970', 'Szll K lm n tr 2.'),
(886, 'M˘ra Ferenc V rosi Knyvt r s MŁzeum Farkasfai Fi˘kknyvt ra', '9970', 'Farkasfai u. 9.'),
(887, 'M˘ra Ferenc V rosi Knyvt r s MŁzeum Jakabh zi Fi˘kknyvt ra', '9970', 'F u. 18.'),
(888, 'M˘ra Ferenc V rosi Knyvt r s MŁzeum R bafzesi Fi˘kknyvt ra', '9970', 'Kod ly Zolt n Łt 2.'),
(889, 'M˘ra Ferenc V rosi Knyvt r s MŁzeum R bat˘tfalusi Fi˘kknyvt ra', '9970', 'T˘tfalusi u. 92.'),
(890, 'M˘rahalom V ros nkorm nyzat T˘th Menyhrt V rosi Knyvt r s Kzssgi H z', '6782', 'Rszkei Łt 2.'),
(891, 'M˘ricz P l V rosi Knyvt r s Helytrtneti Gyűjtemny', '4080', 'Bocskai u. 12-14.'),
(892, 'M˘ricz Zsigmond Megyei s V rosi Knyvt r', '4400', 'Szabads g tr 2.'),
(893, 'M˘ricz Zsigmond Műveldsi s V rosi Knyvt r', '4254', 'ľrp d Łt 2.'),
(894, 'M˘ricz Zsigmond Műveldsi H z s Knyvt r', '5051', 'Fekete L. Łt 1.'),
(895, 'M˘ricz Zsigmond Műveldsi H z s V rosi Knyvt r. Aradv nypusztai Fi˘kknyvt r', '4253', '0'),
(896, 'M˘ricz Zsigmond V rosi Knyvt r', '2890', 'V ralja u. 4.'),
(897, 'M˘ricz Zsigmond V rosi Knyvt r. Agosty ni Fi˘kknyvt ra', '2890', 'Kossuth u. 31.'),
(898, 'M˘ricz Zsigmond V rosi Knyvt r. Kertv rosi Fi˘kknyvt r', '2890', 'Feny tr 1.'),
(899, 'MTA Agr rtudom nyi Kutat˘intzet Nvnyvdelmi Intzet Knyvt r', '1022', 'Herman Ott˘ u. 15.'),
(900, 'MTA Agr rtudom nyi Kutat˘kzpont ľllatorvos-tudom nyi Intzete Knyvt ra', '1143', 'Hung ria krt. 21.'),
(901, 'MTA Agr rtudom nyi Kutat˘kzpont Talajtani s Agrokmiai Kutat˘ Intzet Knyvt ra', '1022', 'Herman Ott˘ u. 15.'),
(902, 'MTA Blcsszettudom nyi Kutat˘kzpont Filoz˘fiai Kutat˘intzet Knyvt ra', '1014', 'Orsz gh z u. 30.'),
(903, 'MTA Blcsszettudom nyi Kutat˘kzpont Irodalomtudom nyi Intzet Etvs Knyvt r', '1014', 'Orsz gh z u. 30.'),
(904, 'MTA Blcsszettudom nyi Kutat˘kzpont Művszettrtneti Intzet Knyvt r', '1014', 'Orsz gh z u. 30.'),
(905, 'MTA Blcsszettudom nyi Kutat˘kzpont Nprajztudom nyi Intzet Knyvt ra', '1014', 'Orsz gh z u. 30.'),
(906, 'MTA Blcsszettudom nyi Kutat˘kzpont Rgszeti Intzet Knyvt ra', '1014', 'Orsz gh z u. 30.'),
(907, 'MTA Blcsszettudom nyi Kutat˘kzpont Trtnettudom nyi Intzet Knyvt ra', '1014', 'Orsz gh z u. 30.'),
(908, 'MTA Blcsszettudom nyi Kutat˘kzpont Zenetudom nyi Intzet Knyvt ra', '1014', 'Orsz gh z u. 30.'),
(909, 'MTA Csillag szati s Fldtudom nyi Kutat˘kzpont Fldrajztudom nyi Intzet Knyvt ra', '1112', 'Budarsi Łt 45.'),
(910, 'MTA Csillag szati s Fldtudom nyi Kutat˘kzpont Konkoly Thege Mikl˘s Csillag szati Intzet Knyvt r', '1121', 'Konkoly Thege Mikl˘s Łt 15-17'),
(911, 'MTA Csillag szati s Fldtudom nyi Kutat˘kzpont Konkoly Thege Mikl˘s Csillag szati Intzet Napfizikai Obszervat˘rium Knyvt r', '4032', 'Egyetem tr 1.'),
(912, 'MTA KĄsrleti Orvostudom nyi Kutat˘intzet Knyvt r', '1083', 'Szigony u. 43.'),
(913, 'MTA Kzgazdas g- s Region lis Tudom nyi Kutat˘kzpont Region lis Kutat sok Intzete Alfldi Tudom nyos Oszt ly Knyvt ra Kecskemt', '6000', 'R k˘czi Łt 3.'),
(914, 'MTA Nyelvtudom nyi Intzet Knyvt ra', '1068', 'BenczŁr u. 33.'),
(915, 'MTA Region lis Kutat sok Kzpontja Nyugat-magyarorsz gi Tudom nyos Intzetnek Hat r Menti Terletfejlesztsi Szakknyvt ra', '9022', 'Liszt F. u. 10.'),
(916, 'MTA Rnyi Alfrd Matematikai Kutat˘intzet Knyvt ra', '1053', 'Re ltanoda u. 13-15.'),
(917, 'MTA T rsadalomtudom nyi Kutat˘kzpont Knyvt ra', '1014', 'Orsz gh z u. 30.'),
(918, 'MTA Wigner Fizikai Kutat˘kzpont Knyvt r', '1121', 'Konkoly Thege M. u. 29-33.'),
(919, 'Munk csy Mih ly MŁzeum Knyvt ra', '5600', 'Gyulai Łt 1.'),
(920, 'Műveld si H z  Kzsgi s Iskolai Knyvt r', '3791', 'R k˘czi u. 107.'),
(921, 'Műveldsi s Sporth z', '2735', 'D˘zsa Gyrgy u. 85.'),
(922, 'Műveldsi H z  Iskolai s Kzsgi Knyvt r', '2071', 'R k˘czi u. 37.'),
(923, 'Műveldsi H z  Kzsgi s Iskolai Knyvt r', '8649', 'Kossuth tr 1.'),
(924, 'Műveldsi H z s Knyvt r', '2421', 'F u. 16.'),
(925, 'Műveldsi H z s Knyvt r', '2461', 'F u. 43.'),
(926, 'Műveldsi H z s Knyvt r Kzműveldsi Intzmny', '4564', 'Ady E. Łt 9.'),
(927, 'Műveldsi H z s Knyvt r rbotty n', '2162', 'R k˘czi Łt 43.'),
(928, 'Műveldsi H z s Knyvt r V mosprcs', '4287', 'Debreceni u. 2.'),
(929, 'Műveldsi H z s Knyvt r Vonyarcvashegy', '8314', 'F u. 64.'),
(930, 'Műveldsi H z s Kzsgi s Iskolai Knyvt r', '4356', 'Hunyadi J. u. 23.'),
(931, 'Műveldsi H z s Kzsgi-Iskolai Knyvt r', '9721', 'Szentegyh z u. 5.'),
(932, 'Műveldsi H z s V rosi Knyvt r', '4326', 'B thory Łt 25.'),
(933, 'Műveldsi H z s V rosi Knyvt r', '9941', 'V rosszer 55.'),
(934, 'Műveldsi Inform ci˘s Kzpont s Knyvt r', '2081', 'Templom tr 9.'),
(935, 'Műveldsi Kzpont  Knyvt r s Konyha Szentlrinc', '7940', 'Kodol nyi u. 13.'),
(936, 'Műveldsi Kzpont s Knyvt r Balatonfűzf', '8184', 'Bugyog˘-forr s u. 12.'),
(937, 'Művszetek H za - Kultur lis Kzpont s V rosi Knyvt r  Pilisvrsv r', '2085', 'F u. 82.'),
(938, 'N dasdy-v r Műveldsi Kzpont s Knyvt r', '9600', 'V rkerlet 1.'),
(939, 'N dasdy-v r Műveldsi Kzpont s Knyvt r R basmjn Łti Fi˘kknyvt ra', '9608', 'R basmjni u. 86.'),
(940, 'Nagy Dezs Műveldsi H z s Knyvt r Cig nd', '3973', 'F u. 38.'),
(941, 'Nagy G sp r V rosi Knyvt r', '2092', 'F u. 108.'),
(942, 'Nagy L szl˘ V rosi Knyvt r s Szabadid Kzpont', '8400', 'Szabads g tr 13.'),
(943, 'Nagy L szl˘ V rosi Knyvt r s Szabadid Kzpont. Ajkarendeki Fi˘kknyvt r', '8447', 'NyĄres u. 26.'),
(944, 'Nagy L szl˘ V rosi Knyvt r s Szabadidkzpont', '8400', 'Dob˘ Katica u. 16.'),
(945, 'Nagy L szl˘ V rosi Knyvt r s Szabadidkzpont. Padragi Műveldsi H z s Fi˘kknyvt r', '8451', 'Iparos u. 5.'),
(946, 'Nagy Mikl˘s V rosi Knyvt r s S rrti Kzrdekű Muze lis Gyűjtemny', '5520', 'Nagy Mikl˘s u. 2.'),
(947, 'Nagyat d V ros nkorm nyzat V rosi Knyvt r Bodvia Fi˘kknyvt r', '7500', 'R k˘czi u. 41.'),
(948, 'Nagyat d V ros nkorm nyzata Nagyat di Kultur lis s Sport Kzpont. V rosi Knyvt r', '7500', 'Szchenyi tr 13-14.'),
(949, 'Nagybajomi Kultur lis Igazgat s Intzmnye. Gyergyai Albert V rosi s Iskolai Knyvt r', '7561', 'Kossuth u. 14.'),
(950, 'Nagyiv n ľMK Kzműveldsi Knyvt r', '5363', 'F Łt 68.'),
(951, 'Nagykrsi Arany J nos Kultur lis Kzpont. Szab˘ K roly V rosi Knyvt r', '2750', 'Szchenyi tr 6.'),
(952, 'Nagykzsgi s Iskolai Knyvt r', '2381', 'Iskola u. 7.'),
(953, 'Nagykzsgi J˘zsef Attila Műveldsi H z s Knyvt r', '5055', 'Kossuth L. u. 78.'),
(954, 'Nagykzsgi Knyvt r', '2251', 'Bajcsy-Zsilinszky Łt 1.'),
(955, 'Nagym gocsi Petfi S ndor Műveldsi H z s Knyvt r', '6622', 'Szentesi Łt 40.'),
(956, 'Nagym nyoki Kzműveldsi Kzpont. Nagym nyoki V rosi Knyvt r - Teleh z', '7355', 'T ncsics u. 2/a'),
(957, 'Nagymaros V rosi Knyvt r s Műveldsi H z', '2626', 'V ci Łt 11.'),
(958, 'Nagyszn si nkorm nyzati ŕvoda s Knyvt r', '5931', 'Szabads g u. 25.'),
(959, 'NAIK Hal szati Kutat˘intzet Knyvt ra', '5540', 'Anna-liget 8.'),
(960, 'Nmeth L szl˘ Kzsgi Knyvt r', '7017', 'Nmeth L szl˘ u. 14.'),
(961, 'Nmeth L szl˘ V rosi Knyvt r s P˘sa Lajos Gyermekknyvt r', '6800', 'Andr ssy Łt 44.'),
(962, 'Nemzetgazdas gi Minisztrium Szakknyvt ra', '1051', 'J˘zsef n dor tr 2-4.'),
(963, 'Nemzeti Agr rkutat si s Innov ci˘s Kzpont Agr r-krnyezettudom nyi s lelmiszer-tudom nyi Kutat˘intzet Knyvt ra', '1022', 'Hermann Ott˘ Łt 15.'),
(964, 'Nemzeti lelmiszerl nc-biztons gi Hivatal ľllat-egszsggyi Diagnosztikai Igazgat˘s g Knyvt ra', '7400', 'Cseri u. 18.'),
(965, 'Nemzeti lelmiszerl nc-biztons gi Hivatal ľllategszsggyi Diagnosztikai Igazgat˘s g Knyvt ra Budapest', '1143', 'T bornok u. 2.'),
(966, 'Nemzeti lelmiszerl nc-biztons gi Hivatal ľllategszsggyi Diagnosztikai Igazgat˘s g Knyvt ra Debrecen', '4031', 'Bornemissza u. 3-7.'),
(967, 'Nemzeti lelmiszerl nc-biztons gi Hivatal Knyvt ra', '1024', 'Kis R˘kus u. 15/A.'),
(968, 'Nemzeti Kzszolg lati Egyetem Egyetemi Kzponti Knyvt r', '1101', 'Hung ria krt. 9-11.'),
(969, 'Nemzeti Kzszolg lati Egyetem Egyetemi Kzponti Knyvt r s Levlt r', '1101', 'Hung ria krt. 9-11.'),
(970, 'Nemzeti Kzszolg lati Egyetem Hadtudom nyi s Honvdtisztkpz Kar Katonai Repl Tanszk Knyvt r', '5008', 'Kili n Łt 1.'),
(971, 'Nemzeti Mdia- s HĄrkzlsi Hat˘s g Szakknyvt r', '1015', 'Ostrom u. 23-25.'),
(972, 'Nemzeti Műveldsi Intzet Szakknyvt ra', '1011', 'Corvin tr 8.'),
(973, 'Nemzeti Szakrti s Kutat˘ Kzpont Knyvt ra', '1087', 'Mosonyi u. 9.'),
(974, 'Nemzeti SzĄnh z Nonprofit Zrt. Knyvt r', '1095', 'Bajor Gizi park 1.'),
(975, 'Nemzetkzi zleti Fiskola Knyvt ra', '1031', 'Z hony u. 7.'),
(976, 'Nemzetkzi zleti Fiskola Vill nyi éti Kpzsi Hely Kynvt r', '1114', 'Vill nyi Łt 11-13.'),
(977, 'Nprajzi MŁzeum Knyvt ra', '1055', 'Kossuth Lajos tr 12.'),
(978, 'Nonprofit Inform ci˘s s Oktat˘ Kzpont AlapĄtv ny Nonprofit Szakknyvt ra', '1122', 'Maros u. 23-25. 23. Mfszt 1. 1122'),
(979, 'Nvnyi Diverzit s Kzpont Knyvt ra', '2766', 'Klsmez 15.'),
(980, 'NYÖR-TEL-SZOL Nonprofit Kft. NyĄrteleki Kzssgi H z s V rosi Knyvt r', '4461', 'Petfi S ndor u. 42.'),
(981, 'NyĄrblteki Kzsgi Knyvt r', '4372', 'Kossuth u. 1-3.'),
(982, 'NyĄrderzs Kzsg Knyvt ra', '4332', 'B tori Łt 15.'),
(983, 'NyĄregyh zi Fiskola Kzponti Knyvt ra', '4400', 'S˘st˘i Łt 31/b'),
(984, 'NyĄregyh zi Trvnyszk Knyvt ra', '4400', 'Bocskai u.2.'),
(985, 'NyĄrgyulaj Kzsgi  Iskolai Knyvt r s Teleh z', '4311', 'Bajcsy-Zs. u. 3.'),
(986, 'NyĄrsg Knyvt r AlapĄtv ny', '4400', 'Ungv r st ny 5.'),
(987, 'Nyomdaipari Kzponti Szakknyvt r', '1084', 'Tolnai Lajos u. 4-10.'),
(988, 'Nyugat-magyarorsz gi Egyetem Benedek Elek Pedag˘giai Kar Knyvt ra', '9400', 'Ferenczi J nos u. 5.'),
(989, 'Nyugat-magyarorsz gi Egyetem Kzponti Knyvt r s Levlt r', '9400', 'Bajcsy-Zs. u. 4.'),
(990, 'Nyugat-magyarorsz gi Egyetem Savaria Egyetemi Kzpont Knyvt ra', '9700', 'K rolyi G sp r tr 4.'),
(991, 'Nyugat-magyarorsz gi Egyetem. Geoinformatikai Kar Knyvt ra', '8000', 'Pirosalma u. 1-3.'),
(992, 'Nyugat-Magyarorsz gi Egyetem. Mezgazdas gtudom nyi Kar Knyvt ra', '9200', 'V r 2.'),
(993, 'ŕballa Kzssgi H z. A V rosi Knyvt r Fi˘kknyvt ra', '5200', 'F Łt 5.'),
(994, 'ŕbudai Egyetem Egyetemi Knyvt r', '1084', 'Doberd˘ Łt 6. D/fszt 1.'),
(995, 'ŕbudai MŁzeum Knyvt ra', '1033', 'F tr 1.'),
(996, 'ŕbudai Plat n Knyvt r', '1031', 'Arat˘ Emil tr 1.'),
(997, 'ŕbudai Plat n Knyvt r Ezsthegyi Knyvt ra', '1038', 'Ezsthegy utca 16.'),
(998, 'Oktat si Hivatal Szolnoki Pedag˘giai Oktat si Kzpont', '5000', 'M ria Łt 19.'),
(999, 'Oktat si Minisztrium Szakszervezete Knyvt r', '1055', 'Szalay u. 10-14.'),
(1000, 'Oktat skutat˘ s Fejleszt Intzet. Orsz gos Pedag˘giai Knyvt r s MŁzeum', '1089', 'Knyves K lm n krt. 40.'),
(1001, 'Orlai Petrics Soma Kultur lis Kzpont. Knyvt r', '5650', 'F Łt 6.'),
(1002, 'Orosh za V rosi nkorm nyzat Justh Zsigmond V rosi Knyvt ra', '5900', 'Kossuth u. 3.'),
(1003, 'Orsz gos BĄr˘s gi Hivatal Magyar Igazs ggyi Akadmia Knyvt ra', '1122', 'T˘th Lrinc u. 6.'),
(1004, 'Orsz gos lelmezs- s T pl lkoz studom nyi Intzet Szakknyvt r', '1097', 'Gy li u. 3/a.'),
(1005, 'Orsz gos Epidemiol˘giai Kzpont Knyvt r', '1097', 'Albert Fl˘ri n Łt 2-6.'),
(1006, 'Orsz gos Frdric Joliot-Curie Sug rbiol˘giai s Sug regszsggyi Intzet Knyvt ra', '1221', 'Anna u. 5.'),
(1007, 'Orsz gos Idegennyelvű Knyvt r', '1056', 'Moln r u. 11.'),
(1008, 'Orsz gos Kor nyi Tbc s Pulmonol˘giai Intzet Orvosi Knyvt ra', '1121', 'Pihen Łt 1.'),
(1009, 'Orsz gos Kzegszsggyi Kzpont Orsz gos Sug rbiol˘giai s Sug regszsggyi Kutat˘ Igazgat˘s g Knyvt ra', '1221', 'Anna u. 5.'),
(1010, 'Orsz gos Kriminol˘giai s Kriminalisztikai Intzet Knyvt ra', '1122', 'Maros u. 6/a.'),
(1011, 'Orsz gos Onkol˘giai Intzet Orvosi Knyvt ra', '1122', 'R th Gy. u. 7-9.'),
(1012, 'Orsz gos Orvosi Rehabilit ci˘s Intzet Orvosi Knyvt ra', '1122', 'Szanat˘rium u. 19.'),
(1013, 'Orsz gos Rabbikpz-Zsid˘ Egyetem Knyvt ra', '1085', 'Scheiber S ndor u. 2.'),
(1014, 'Orsz gos Reumatol˘giai s Fizioter pi s Intzet Orvosi Szakknyvt ra', '1023', 'Frankel Le˘ Łt 25-29.'),
(1015, 'Orsz gos Roma Knyvt r  Levl- s Dokumentumt r', '1074', 'Doh ny u. 76.'),
(1016, 'Orsz gos Szchnyi Knyvt r', '1014', 'Szent Gyrgy tr 4-5-6.'),
(1017, 'Orsz gos Szchnyi Knyvt r. Knyvt ri Intzet. Knyvt rtudom nyi Szakknyvt r', '1014', 'Szent Gyrgy tr 4-5-6.'),
(1018, 'Orsz gos SzĄnh ztrtneti MŁzeum s Intzet Knyvt ra', '1013', 'Krisztina krt. 57.'),
(1019, 'Orsz gos Takarkpnzt r Bank Szakknyvt r', '1051', 'N dor u. 16.'),
(1020, 'Orsz ggyűlsi Knyvt r', '1055', 'Kossuth Lajos tr 1-3.'),
(1021, 'ŕzdi Műveldsi Intzmnyek. V rosi Knyvt r', '3600', 'Petfi tr 1.'),
(1022, 'ŕzdi Műveldsi Intzmnyek. V rosi Knyvt r ľrp d Vezr Łti Fi˘kknyvt r', '3600', 'ľrp d Vezr Łt 22/A.'),
(1023, 'csdi Kzsggondnoks g s Knyvt r', '5451', 'Kossuth tr 1.'),
(1024, 'nkorm nyzati Nagykzsgi Knyvt r', '9222', 'ľrp d u. 15.'),
(1025, 'rbotty n Műveldsi H z s Knyvt r Fi˘kknyvt r', '2162', 'R k˘czi u. 245.'),
(1026, 'regiskola Kzssgi H z s Knyvt r', '2094', 'Kossuth L. u. 78.'),
(1027, 'rkny Istv n V rosi Knyvt r', '2377', 'Ady Endre u. 1.'),
(1028, 'Paksi Kzműveldsi Nonprofit Kft. Knyvt ra. Dunakmldi Fi˘kknyvt r', '7027', 'Bke u. 3.'),
(1029, 'Paksi Kzműveldsi Nonprofit Korl tolt Felelssgű T rsas g Knyvt ra', '7030', 'Gagarin u. 2.'),
(1030, 'Paksi P kolitz Istv n V rosi Knyvt r', '7030', 'Villany u. 1.'),
(1031, 'Pallasz Athn Egyetem Knyvt r s Inform ci˘s Kzpont', '6000', 'Izs ki Łt 10.'),
(1032, 'Pannon Egyetem Egyetemi Knyvt r s Levlt r', '8200', 'Wartha V. u. 1.'),
(1033, 'Pannon Egyetem Georgikon Kar Georgikon Knyvt r s Levlt r', '8360', 'De k F. u. 16.'),
(1034, 'Pannon Egyetem Nagykanizsai Telephely Knyvt ra', '8800', 'ZrĄnyi Mikl˘s Łt 33.'),
(1035, 'Pannon Egyetem Nevelstudom nyi Intzet Knyvt ra', '8500', 'Mzeskal cs u. 2/b.'),
(1036, 'Pann˘nia Kultur lis Kzpont s Knyvt r', '8220', 'V rosh za tr 4.'),
(1037, 'P pakov csi Kzsgi Knyvt r', '8596', 'F u. 20.'),
(1038, 'Papkeszi Knyvt r Colorchemia', '8183', 'Colorchemia ltp. 101.'),
(1039, 'Papkeszi Kzsgi Knyvt r', '8183', 'F u. 21'),
(1040, 'Par dfrdi ľllami K˘rh z Orvosi s Betegknyvt r', '3244', 'Kossuth Lajos Łt 221.'),
(1041, 'Pataji Kzsgi Knyvt r', '6328', 'Petfi S ndor u. 3.'),
(1042, 'Patapoklosi Kzsgi  Inform ci˘s s Kzssgi Szolg ltat˘ Hely', '7923', 'R k˘czi u. 50.'),
(1043, 'P zm ny Pter Katolikus Egyetem Blcsszet- s T rsadalomtudom nyi Kar Knyvt ra', '2087', 'Egyetem u. 1.'),
(1044, 'P zm ny Pter Katolikus Egyetem Jog- s ľllamtudom nyi Kar Knyvt ra', '1088', 'Szentkir lyi u. 28-30.'),
(1045, 'P zm ny Pter Katolikus Egyetem. Hittudom nyi Kar Knyvt ra', '1053', 'Vere P ln u. 24.'),
(1046, 'Pcsi Ötlt bla Knyvt ra', '7623', 'R k˘czi u. 34.'),
(1047, 'Pcsi J˘zsef Fotogr fiai Szakknyvt r', '1065', 'Nagymez utca 20.'),
(1048, 'Pcsi Pspki Hittudom nyi Fiskola Knyvt ra', '7621', 'Papnvelde u. 1-3.'),
(1049, 'Pcsi Trvnyszk Knyvt ra', '7623', 'R k˘czi Łt 34.'),
(1050, 'Pcsi Tudom nyegyetem Egyetemi Knyvt r s Tud skzpont', '7622', 'Universitas u. 2/A.'),
(1051, 'Pcsi Tudom nyegyetem Egyetemi Knyvt r s Tud skzpont KultŁratudom nyi  Pedag˘guskpz s Vidkfejlesztsi Kar Knyvt ra', '7100', 'R k˘czi u. 1.'),
(1052, 'Pcsi Tudom nyegyetem EK TK ETK Zalaegerszegi Kpzsi Kzpont Knyvt ra', '8900', 'Landorhegyi u. 33.'),
(1053, 'Pcsi Tudom nyegyetem. Egszsgtudom nyi Kar Kaposv ri Kpzsi Kzpont Knyvt ra', '7400', 'Szent Imre u. 14/b'),
(1054, 'Perk tai ľMK J˘zsef Attila Nagykzsgi Knyvt r s Műveldsi H z', '2431', 'D˘zsa Gyrgy u. 15.'),
(1055, 'Pest Megyei Fl˘r Ferenc K˘rh z Orvosi Knyvt ra', '2143', 'Semmelweis tr 1.'),
(1056, 'Pest Megyei Knyvt r', '2000', 'P tri rka u. 7.'),
(1057, 'Pest Megyei Knyvt r Pspkmajori Klubknyvt r', '2000', 'Hamvas Bla u. 6.'),
(1058, 'Pesterzsbeti Pedag˘giai Intzet Pedag˘giai Szakknyvt ra', '1204', 'Ady Endre u. 98.'),
(1059, 'Pterfy S ndor Utcai K˘rh z-Rendel s Baleseti Kzpont Baleseti Knyvt ra', '1081', 'Fiumei Łt 17.'),
(1060, 'Pterfy S ndor Utcai K˘rh z-Rendel s Baleseti Kzpont Orvosi Szakknyvt r', '1074', 'Als˘ erdsor u. 7.'),
(1061, 'Ptfrdi Kzssgi H z s Knyvt r', '8105', 'Hsk tere 5.'),
(1062, 'Petfi Műveldsi H z s Knyvt r', '2746', 'F u. 57.'),
(1063, 'Petfi Műveldsi H z s Knyvt r', '8182', 'Orgona u. 2.'),
(1064, 'Petfi Műveldsi Kzpont s Knyvt r', '2340', 'Kinizsi P l u. 1.'),
(1065, 'Petfi S ndor ľltal nos Műveldsi Kzpont  Cserkeszl. Knyvt r s Kzművelds', '5465', 'Ady Endre u. 1/a'),
(1066, 'Petfi S ndor Knyvt ri Kzműveldsi s Intzmnyfenntart˘ Kzpont. Műveldsi Kzpont s Knyvt r', '4765', 'Ady E. u. 7-11.'),
(1067, 'Petfi S ndor Kzssgi H z s Knyvt r', '3351', 'Kastly u. 8.'),
(1068, 'Petfi S ndor Kzsgi s Iskolai Knyvt r', '8648', 'Ady Endre u. 1.'),
(1069, 'Petfi S ndor Kultur lis Szabadid Kzpont s Knyvt r', '2931', 'Petfi tr 6.'),
(1070, 'Petfi S ndor Műveldsi H z s Knyvt r', '5661', 'Arany J. u. 47.'),
(1071, 'Petfi S ndor Műveldsi H z s Knyvt r', '2335', 'F Łt 89.'),
(1072, 'Petfi S ndor Műveldsi H z s Knyvt r J szfnyszaru', '5126', 'Szent Istv n Łt 1.'),
(1073, 'Petfi S ndor Műveldsi H z s Knyvt r M ndok', '4644', 'Petfi u. 14/a.'),
(1074, 'Petfi S ndor Műveldsi H z s Kzsgi Knyvt r', '6758', 'D˘zsa Gyrgy u. 1.'),
(1075, 'Petfi S ndor Műveldsi H z Kzműveldsi Knyvt r', '1103', 'Gymri Łt 24.'),
(1076, 'Petfi S ndor Műveldsi- Sporth z s Knyvt r', '9735', 'Szchenyi tr 31.'),
(1077, 'Petfi S ndor Oktat si s Műveldsi Kzpont - Nagykzsgi Knyvt r', '2344', 'Bke tr 2.'),
(1078, 'Petfi S ndor V rosi Knyvt r', '6200', 'Petfi tr 4/b'),
(1079, 'Petfi S ndor V rosi Knyvt r  Kzműveldsi s Muze lis Intzmny', '4251', 'Szabads g tr 7.'),
(1080, 'Petritelepi Fi˘kknyvt r', '4150', 'Karcagi u. 28.'),
(1081, 'Petz Alad r Megyei Oktat˘ K˘rh z Orvosi Knyvt r', '9024', 'Szent Imre Łt 26-28.'),
(1082, 'Piarista Rend Magyar Tartom nya Kzponti Knyvt ra', '1052', 'Piarista kz 1.'),
(1083, 'Pocsaji Lor ntffy Zsuzsanna ľltal nos Iskola', '4125', 'Nagy u. 41.'),
(1084, 'Politikatrtneti Intzet Knyvt ra', '1054', 'Alkotm ny u. 2.'),
(1085, 'Pom zi Műveldsi H z s Knyvt r', '2013', 'Husz r u. 3.'),
(1086, 'Poroszl˘ Kzsg nkorm nyzat nak Kzműveldsi s Iskolai Knyvt ra', '3388', 'F Łt 3.'),
(1087, 'Porrogszentkir ly Kzsgi Knyvt r', '8858', 'F u. 180.'),
(1088, 'Porrogszentp l Kzsgi Knyvt r', '8858', 'F u. 26.'),
(1089, 'PostamŁzeum Knyvt ra', '1068', 'BenczŁr u. 27.'),
(1090, 'PPKE Inform ci˘s Technol˘giai s Bionikai Kar Knyvt ra', '1083', 'Pr ter utca 50/A.'),
(1091, 'Putnoki Hum n Szolg ltat˘ Kzpont. V rosi Knyvt r', '3630', 'Bem J˘zsef tr 6.'),
(1092, 'Pnksdi Teol˘giai Fiskola Knyvt r', '1183', 'Gymri Łt 89.'),
(1093, 'Pspklad nyi T jkoztat˘ s Kzműveldsi Kzpont  Knyvt r s MŁzeum', '4150', 'Bajcsy-Zsilinszky u. 2/2.'),
(1094, 'R bakzi Műveldsi Kzpont  V rosi Knyvt r s Muze lis Ki llĄt˘hely', '9330', 'F tr 2.'),
(1095, 'R calm si Műveldsi H z s Knyvt r', '2459', 'Szigetf u. 31.'),
(1096, 'Rakamazi V rosi Műveldsi Kzpont s Knyvt r', '4465', 'Szent Istv n Łt 174.'),
(1097, 'R th M ty s Evanglikus Gyűjtemny Knyvt ra', '9025', 'Petfi tr 2.'),
(1098, 'Ratk˘ J˘zsef V rosi Knyvt r', '4320', 'Kor nyi F. Łt. 1.'),
(1099, 'Regnum Marianum Plb nia Knyvt ra', '1141', 'Zoborhegy tr 18.'),
(1100, 'Reibel Mih ly V rosi Műveldsi Kzpont s Knyvt r', '5742', 'Ady Endre u. 2.'),
(1101, 'Reichel J˘zsef Műveldsi H z s Knyvt r', '2097', 'F Łt 16.'),
(1102, 'RendrmŁzeum knyvt r', '1077', 'Kir ly u. 71.'),
(1103, 'Rpcelaki Műveldsi Otthon s Knyvt r', '9653', 'Rad˘ K lm n tr 2.'),
(1104, 'Rezi knyvt ri szolg ltat˘hely', '8373', 'Iskola u. 2.'),
(1105, 'Richter Gedeon Nyrt. Műszaki Knyvt r', '1103', 'Gymri u. 19-21.'),
(1106, 'Rig˘ J˘zsef ľltal nos Műveldsi Kzpont Knyvt ra s Műveldsi H za', '6114', 'Bke u. 15.'),
(1107, 'Rippl-R˘nai MŁzeum Szakknyvt ra', '7400', 'F utca 12.'),
(1108, 'R˘der Imre V rosi Knyvt r', '2220', 'Telepi u. 43.'),
(1109, 'R˘mai Katolikus Egyh zi Gyűjtemny Knyvt ra S rospatak', '3950', 'Szent Erzsbet Łt 13.'),
(1110, 'R˘mer Fl˘ris MŁzeumi Knyvt r', '9022', 'Szchenyi tr 5.'),
(1111, 'Romh ny Kzsg nkorm nyzata Integr lt Kzműveldsi Knyvt ra', '2654', 'Kossuth u. 68.'),
(1112, 'Sa ri Kzssgi H z s Knyvt r', '3261', 'Iskola utca 11.'),
(1113, 'Saj˘szentpteri Kutur lis s Sportkzpont  V rosi Knyvt r', '3770', 'Bem J. u. 15.'),
(1114, 'Saj˘szgedi ľltal nos Műveldsi Kzpont-Csal d s Gyermekj˘lti Szolg lat. Műveldsi H z s Knyvt r', '3599', 'Ady Endre Łt 2.'),
(1115, 'Sajtosk l Kzsgi Knyvt r', '9632', 'Petfi S ndor u. 21.'),
(1116, 'Salla Műveldsi Kzpont s Knyvt r', '8999', 'Szabads g tr 2.'),
(1117, 'S ndorfalvi Kultur lis Kzpont. Petfi Emlkknyvt r', '6762', 'D˘zsa Gy. u. 2.'),
(1118, 'Sapientia Szerzetesi Hittudom nyi Fiskola Knyvt ra', '1053', 'Piarista kz 1.'),
(1119, 'Sarkad V ros nkorm nyzata Bart˘k Bla Műveldsi Kzpont s Knyvt r', '5720', 'VasŁt u. 1.'),
(1120, 'S rospataki Reform tus Kollgium Tudom nyos Gyűjtemnyei Nagyknyvt ra', '3950', 'R k˘czi u. 1.'),
(1121, 'S sdi ľltal nos Műveldsi Kzpont V rosi Knyvt ra s Műveldsi Kzpontja', '7370', 'Szent Imre Łt 29.'),
(1122, 'S toraljaŁjhelyi V rosi Knyvt r', '3980', 'D˘zsa Gyrgy Łt 8.'),
(1123, 'Savaria Megyei Hat˘krű V rosi MŁzeum Knyvt ra', '9700', 'Kisfaludy S ndor u. 9.'),
(1124, 'Sebestyn Gyrgy Osztr k Knyvt r', '1088', 'Pollack Mih ly tr 3.'),
(1125, 'Segesd-Tarany ľltal nos Iskola  ŕvoda  Knyvt r s Pedag˘giai Szakszolg lat', '7514', 'ZrĄnyi Mikl˘s u. 8.'),
(1126, 'Sellye V rosi Műveldsi H z  Knyvt r s Muze lis Intzmny', '7960', 'Kzt rsas g tr 6.'),
(1127, 'Semmelweis Egyetem Anat˘miai Intzet Knyvt r', '1094', 'Tűzolt˘ u. 58.'),
(1128, 'Semmelweis Egyetem Biofizikai s Sug rbiol˘giai Intzet Szakknyvt ra', '1094', 'Tűzolt˘ u. 37-47.'),
(1129, 'Semmelweis Egyetem Br- Nemik˘rtani Bronkol˘giai Klinika Knyvt ra', '1085', 'M ria u. 41.'),
(1130, 'Semmelweis Egyetem Egszsgtudom nyi Kar Knyvt r', '1088', 'Vas u. 17.'),
(1131, 'Semmelweis Egyetem Egszsggyi Menedzserkpz Kzpont Knyvt r', '1125', 'KŁtvlgyi Łt 2.'),
(1132, 'Semmelweis Egyetem Egyetemi Gy˘gyszert r Gy˘gyszergyi Szervezsi Intzet Szakknyvt r', '1092', 'Hgyes Endre u. 7-9.'),
(1133, 'Semmelweis Egyetem lettani Intzet Knyvt r', '1094', 'Tűzolt˘ u. 37-47.'),
(1134, 'Semmelweis Egyetem Farmakogn˘ziai Intzet Knyvt r', '1085', 'lli Łt 26.'),
(1135, 'Semmelweis Egyetem Fogorvostudom nyi Kar Oktat si Centrum Knyvt r', '1088', 'Szentkir lyi u. 47.'),
(1136, 'Semmelweis Egyetem Fl- Orr- Ggszeti Fej- Nyaksebszeti Klinika Knyvt r', '1083', 'Szigony u. 36.'),
(1137, 'Semmelweis Egyetem Gy˘gyszerszeti Intzet Knyvt r', '1092', 'Hgyes Endre u. 7.'),
(1138, 'Semmelweis Egyetem Gy˘gyszerszi Kmiai Intzet Knyvt r', '1092', 'Hgyes Endre u. 9.'),
(1139, 'Semmelweis Egyetem Hum nmorfol˘giai s Fejldsbiol˘giai Intzet Knyvt r', '1094', 'Tűzolt˘ u. 58.'),
(1140, 'Semmelweis Egyetem I. sz. Belgy˘gy szati Klinika Knyvt r', '1083', 'Kor nyi S ndor u. 2/a.'),
(1141, 'Semmelweis Egyetem I. Sz. Gyermekgy˘gy szati Klinika Knyvt r', '1083', 'B˘kay J nos u. 53.'),
(1142, 'Semmelweis Egyetem I. sz. Patol˘giai s KĄsrleti R kkutat˘ Intzet Szakknyvt r', '1085', 'lli Łt 26.'),
(1143, 'Semmelweis Egyetem I. sz. Sebszeti Klinika Szakknyvt r', '1082', 'lli u. 78.'),
(1144, 'Semmelweis Egyetem I. sz. Szlszeti s Ngy˘gy szati Klinika Knyvt r', '1088', 'Baross u. 27.'),
(1145, 'Semmelweis Egyetem Igazs ggyi s BiztosĄt s-orvostani Intzet Orvosi Knyvt r', '1091', 'lli Łt 93.'),
(1146, 'Semmelweis Egyetem II. sz. Gyermekgy˘gy szati Klinika Orvosi Knyvt r', '1094', 'Tűzolt˘ u. 7-9.'),
(1147, 'Semmelweis Egyetem II. sz. Patol˘giai Intzet Orvosi Knyvt r', '1091', 'lli Łt 93.'),
(1148, 'Semmelweis Egyetem Kzponti Knyvt ra', '1088', 'Miksz th K. tr 5.'),
(1149, 'Semmelweis Egyetem Magatart studom nyi Intzet Harkai Schiller P l Knyvt r', '1089', 'Nagyv rad tr 4.'),
(1150, 'Semmelweis Egyetem Neurol˘giai Klinika Knyvt r', '1083', 'Balassa u. 6.'),
(1151, 'Semmelweis Egyetem Nyelvi Kommunik ci˘s Igazgat˘s g Knyvt r', '1094', 'Ferenc tr 15.'),
(1152, 'Semmelweis Egyetem Ortopdiai Klinika Knyvt r', '1113', 'Karolina Łt 27.'),
(1153, 'Semmelweis Egyetem Orvosi Biokmiai Intzet Knyvt r', '1094', 'Tűzolt˘ u. 37-47.'),
(1154, 'Semmelweis Egyetem Orvosi Vegytani Molekul ris Biol˘giai s Patobiokmiai Intzet Knyvt r', '1094', 'Tűzolt˘ u. 37-47.'),
(1155, 'Semmelweis Egyetem Pszichi triai Klinika Knyvt r', '1083', 'Balassa u. 6.'),
(1156, 'Semmelweis Egyetem Pulmonol˘giai Klinika Knyvt r', '1125', 'Di˘s rok u. 1/c.'),
(1157, 'Semmelweis Egyetem Radiol˘giai s Onkoter pi s Klinika Orvosi Knyvt r', '1082', 'lli Łt 78/a.'),
(1158, 'Semmelweis Egyetem Szemszeti Klinika Schulek Vilmos Szemszeti Knyvt r', '1088', 'M ria u. 39.');
INSERT INTO `konyvtarak` (`id`, `konyvtarNev`, `irsz`, `cim`) VALUES
(1159, 'Semmelweis Egyetem Szerves Vegytani Intzet Szakknyvt r', '1092', 'Hgyes E. u. 5-7.'),
(1160, 'Semmelweis Egyetem Urol˘giai Klinika s Uroonkol˘giai Centrum Knyvt r', '1082', 'lli Łt 78/b.'),
(1161, 'Semmelweis Orvostrtneti MŁzeum  Knyvt r s Levlt r', '1023', 'Trk u. 12.'),
(1162, 'Semmelweis Orvostudom nyi Egyetem. Oktat˘ K˘rh z. Orvosi Knyvt r', '1125', 'KŁtvlgyi u. 4.'),
(1163, 'Semsey Andor MŁzeum Knyvt ra', '4060', 'Debreceni u. 1.'),
(1164, 'Sikl˘si Trsgi Knyvt r s Ismeretkzpont', '7800', 'Kzt rsas g tr 8.'),
(1165, 'Simontornyai V rosi Knyvt r', '7081', 'Petfi S ndor u. 67.'),
(1166, 'Sinka Istv n Kzsgi Knyvt r', '2141', 'Tompa Mih ly u. 1.'),
(1167, 'Sinka Istv n Műveldsi Kzpont s V rosi Knyvt r', '5530', 'Kossuth u. 49-51.'),
(1168, 'Si˘fok V ros K˘rh z-Rendelintzete. Orvosi Szakknyvt r', '8600', 'Semmelweis u. 1.'),
(1169, 'Skarica M t V rosi Knyvt r', '2300', 'Etvs u. 1.'),
(1170, 'Sola Scriptura Teol˘giai Fiskola Knyvt ra', '2051', 'Patak u. 34/a.'),
(1171, 'Solym r Imre V rosi Knyvt r', '7150', 'Perczel M˘r u. 50.'),
(1172, 'Solym r Nagykzsg Ap czai Csere J nos Műveldsi H z s Knyvt r', '2083', 'Templom tr 25.'),
(1173, 'Somogy Megyei Kaposi M˘r Oktat˘ K˘rh z dr. Arat˘ Mikl˘s Orvosi Knyvt r', '7400', 'Talli n Gy. u. 20-32.'),
(1174, 'Somogyi K roly V rosi s Megyei Knyvt r', '6720', 'D˘m tr 1-4.'),
(1175, 'Somogyi K roly V rosi s Megyei Knyvt r Ag˘ra Fi˘kknyvt r', '6722', 'K lv ria sgt. 23.'),
(1176, 'Somogyi K roly V rosi s Megyei Knyvt r Csillag Tri Fi˘kknyvt r', '6723', 'Kereszttlts u. 29.'),
(1177, 'Somogyi K roly V rosi s Megyei Knyvt r Dorozsmai Fi˘kknyvt r', '6791', 'Negyvennyolcas u. 12.'),
(1178, 'Somogyi K roly V rosi s Megyei Knyvt r szakv rosi Fi˘kknyvt r', '6723', 'G sp r Zolt n u. 6.'),
(1179, 'Somogyi K roly V rosi s Megyei Knyvt r Hangosknyvt r', '6720', 'Stef nia 2.'),
(1180, 'Somogyi K roly V rosi s Megyei Knyvt r Klebelsberg-telepi Fi˘kknyvt r', '6729', 'Zentai u. 31.'),
(1181, 'Somogyi K roly V rosi s Megyei Knyvt r M˘ra utcai Fi˘kknyvt r', '6725', 'M˘ra u. 21.'),
(1182, 'Somogyi K roly V rosi s Megyei Knyvt r Odesszai Fi˘kknyvt r', '6726', 'Szkely sor 11.'),
(1183, 'Somogyi K roly V rosi s Megyei Knyvt r Petfi-telepi Fi˘kknyvt r', '6727', 'Sz nt˘ Kov cs J nos u. 28.'),
(1184, 'Somogyi K roly V rosi s Megyei Knyvt r R˘kusi Fi˘kknyvt r', '6724', 'Vrt˘i Łt 5.'),
(1185, 'Somogyi K roly V rosi s Megyei Knyvt r Szregi Fi˘kknyvt r', '6771', 'Magyar u. 14.'),
(1186, 'Somogyi K roly V rosi s Megyei knyvt r T pai Fi˘kknyvt r', '6753', 'Budai Nagy Antal u. 20-22.'),
(1187, 'Somogys msoni Bern th Aurl ľltal nos Műveldsi Kzpont', '8733', 'F u. 118.'),
(1188, 'Somogyzsitfa Knyvt ri  Inform ci˘s s Kzssgi Hely', '8734', 'M rtĄrok u. 46.'),
(1189, 'Soproni Evanglikus Egyh zkzsg Knyvt ra', '9400', 'SzĄnh z utca 27.'),
(1190, 'Surj ny  Iskola. A V rosi Knyvt r Fi˘kknyvt ra', '5200', 'Krisfa u. 10.'),
(1191, 'Sksd-rsekcsan d ľltal nos Műveldsi Kzpont Kzsgi s Iskolai Knyvt r', '6347', 'D˘zsa Gyrgy utca 52.'),
(1192, 'Szabadbatty ni ľltal nos Műveldsi Kzpont. M˘ricz Zsigmond Műveldsi H z s Knyvt r', '8151', 'ľrp d u. 10.'),
(1193, 'Szabadidkzpont s Knyvt r Fertszentmikl˘s', '9444', 'Szent Istv n u. 20-21.'),
(1194, 'SzabadkĄgy˘s Kzsg nkorm nyzat nak ľltal nos Műveldsi Kzpontja. Integr lt Kzssgi s Szolg ltat˘ Tr', '5712', 'Kossuth tr 1.'),
(1195, 'Szabadsz ll si ľltal nos Műveldsi Kzpont. V rosi Knyvt r', '6080', 'Kossuth Lajos u. 2.'),
(1196, 'Szab˘ Magda Nagykzsgi Knyvt r s Teleh z', '2254', 'R k˘czi u. 54.'),
(1197, 'Szab˘ Magda V rosi s Iskolai Knyvt r', '2144', 'Szabads g Łt 242.'),
(1198, 'Szabolcs-Szatm r-Bereg Megyei K˘rh zak s Egyetemi Oktat˘k˘rh z dr. K llay Rudolf Orvostudom nyi Szakknyvt r s Kzműveldsi Gyűjtemny', '4400', 'Szent Istv n u. 68.'),
(1199, 'Szabolcs-Szatm r-Bereg Megyei K˘rh zak s Egyetemi Oktat˘k˘rh z Orvosi Knyvt ra', '4700', 'K˘rh z u. 2-4.'),
(1200, 'Szajoli Kzssgi H z s Knyvt r', '5081', 'Klcsey Ferenc Łt 2.'),
(1201, 'Szandaszlsi Fi˘kknyvt r', '5008', 'Simon Ferenc u. 32.'),
(1202, 'Sz nt˘ Vezeknyi Istv n Művelds H za s Knyvt r', '3250', 'Kossuth Lajos Łt 39.'),
(1203, 'Sz zhalombatta MOL Nyrt. Műszaki Knyvt r', '2443', 'Olajmunk s u. 2.'),
(1204, 'Szchenyi Istv n Egyetem Ap czai Csere J nos Kar Knyvt ra', '9022', 'Liszt Ferenc u. 42.'),
(1205, 'Szchenyi Istv n Egyetem. Egyetemi Knyvt r', '9026', 'Egyetem tr 1.'),
(1206, 'Szchenyi Istv n V rosi Knyvt r', '9400', 'P˘csi u. 25.'),
(1207, 'Szchenyi Istv n V rosi Knyvt r. B nfalvi Fi˘kknyvt r', '9400', 'B nfalvi Łt 180.'),
(1208, 'Szchenyi Zsigmond K rp t-medencei Magyar Vad szati MŁzeum  Integr lt Knyvt r s Muze lis Gyűjtemny', '3000', 'Kossuth tr 12.'),
(1209, 'Szegedi Ötlt bla Knyvt ra', '6721', 'S˘hord˘ u. 5.'),
(1210, 'Szegedi Trvnyszk Knyvt ra', '6720', 'Szchenyi tr 4.'),
(1211, 'Szegedi Tudom nyegyetem Klebelsberg Kuno Knyvt ra', '6720', 'Dugonics tr 13.'),
(1212, 'Szkely Bertalan Műveldsi H z s Knyvt r', '2111', 'D˘zsa Gy. Łt 63.'),
(1213, 'Szkesfehrv r MJV Levlt ra', '8000', 'Zichy liget 10.'),
(1214, 'Szkesfehrv ri Pspki Knyvt r', '8000', 'V rosh z tr 5.'),
(1215, 'Szkesfehrv ri Trvnyszk Knyvt ra', '8000', 'D˘zsa Gyrgy u. 1.'),
(1216, 'Szeksz rdi Trvnyszk Jogi Szakknyvt ra', '7100', 'D˘zsa Gyrgy u. 2.'),
(1217, 'Szellemi Tulajdon Nemzeti Hivatala. Frecskay J nos Szakknyvt r', '1054', 'Akadmia u. 21.'),
(1218, 'Szendri Kzműveldsi Kzpont s Knyvt r', '3752', 'F Łt 18.'),
(1219, 'Szent Atan z Grg Katolikus Hittudom nyi Fiskola Knyvt r', '4400', 'Bethlen G bor u. 13-19.'),
(1220, 'Szent Bern t AlapĄtv ny Knyvt r', '1224', 'D˘zsa Gyrgy Łt 98.'),
(1221, 'Szent Imre Egyetemi Oktat˘k˘rh z Knyvt r', '1115', 'Ttnyi Łt 12-16.'),
(1222, 'Szent Istv n Egyetem Gazdas gi  Agr r- s Egszsgtudom nyi Kar Bkscsabai Knyvt ra', '5600', 'Bajza u. 33.'),
(1223, 'Szent Istv n Kir ly MŁzeum Knyvt ra', '8000', 'Orsz gz szl˘ tr 3.'),
(1224, 'Szent J nos K˘rh z s szak-Budai EgyesĄtett K˘rh zak 1. sz. Telephely Szent J nos K˘rh z Orvosi Knyvt ra', '1125', 'Di˘s rok u. 1.'),
(1225, 'Szent J nos K˘rh z s szak-budai EgyesĄtett K˘rh zak 2. sz. Telephely Szent Margit K˘rh z Orvosi Knyvt ra', '1032', 'Bcsi 132.'),
(1226, 'Szent Kozma s Damj n Rehabilit ci˘s Szakk˘rh z Knyvt r', '2026', 'Gizella-telep'),
(1227, 'Szent L z r Megyei K˘rh z Orvosi Knyvt ra', '3100', 'Fleki Łt 54-56.'),
(1228, 'Szent P l Akadmia Knyvt r', '1103', 'Gymri Łt 69.'),
(1229, 'Szent R˘kus K˘rh z s Intzmnyei Orvosi Knyvt r', '1085', 'Gyulai P l u. 2.'),
(1230, 'Szent-Gyrgyi Albert ľltal nos Iskola s Gimn zium Knyvt ra', '1093', 'L˘nyay u.4/c-8.'),
(1231, 'Szentes V rosi Knyvt r Nonprofit KzhasznŁ Kft.', '6600', 'Kossuth u. 33-35.'),
(1232, 'Szpművszeti MŁzeum Knyvt ra', '1068', 'Szondi u. 77.'),
(1233, 'Szerb Orsz gos nkorm nyzat Knyvt ra', '1055', 'Falk Miksa u. 3.'),
(1234, 'Szerb Ortodox Egyh zmegyei Knyvt r', '2000', 'P tri rka u. 5.'),
(1235, 'Szerencsi Hivat sos Tűzolt˘s g Fi˘kknyvt r', '3900', 'R k˘czi Łt 119-121.'),
(1236, 'Szerencsi Idsek Otthona Fi˘kknyvt r', '3900', 'Bekecsi Łt 10.'),
(1237, 'Szerencsi Műveldsi Kzpont s Knyvt r', '3900', 'R k˘czi-v r'),
(1238, 'SZIE Egyetemi Knyvt r. Alkalmazott Blcsszeti s Pedag˘giai Kar J szbernyi Knyvt ra', '5100', 'R k˘czi Łt 53.'),
(1239, 'SZIE Egyetemi Knyvt r. Gazdas gi  Agr r- s Egszsgtudom nyi Kar Gyulai Knyvt ra', '5700', 'Szent Istv n u. 17-19.'),
(1240, 'SZIE Egyetemi Knyvt r. Kos ry Domokos Knyvt r s Levlt r', '2100', 'P ter K roly u. 1.'),
(1241, 'SZIE Egyetemi Knyvt r. Tessedik S muel Knyvt r', '5540', 'Szabads g u. 1-3.'),
(1242, 'SZIE Egyetemi Knyvt r. Ybl Mikl˘s pĄtstudom nyi Kar Knyvt ra', '1146', 'Thkly Łt 74.'),
(1243, 'SZIE Entz Ferenc Knyvt r s Levlt r', '1118', 'Szret utca 2-18.'),
(1244, 'Szigetbecse-Mak d Kzs Igazgat sŁ Kzoktat si Intzmnyi Fenntart˘ T rsul s ŕvod ja s ľltal nos Iskol ja Knyvt r', '2321', 'Mak di Łt 44-46.'),
(1245, 'Szigetv r V ros nkorm nyzata V rosi Knyvt r', '7900', 'M rtĄrok Łtja 1.'),
(1246, 'Sziksz˘i V rosi Intzmnyműkdtet Kzpont s Knyvt r', '3800', 'Kassai Łt 46.'),
(1247, 'SzĄnh z- s Filmművszeti Egyetem Knyvt ra', '1088', 'Vas u. 2/c'),
(1248, 'Szlov k Dokument ci˘s Kzpont', '1114', 'Fadrusz u. 11/A.'),
(1249, 'Szlov k Nemzetisgi ľltal nos Iskola s Knyvt r', '2095', 'Petfi S ndor u. 37.'),
(1250, 'Szolnoki Trvnyszk Knyvt ra', '5000', 'Kossuth Lajos Łt 1.'),
(1251, 'Szombathelyi Egyh zmegyei Knyvt r', '9700', 'Szily J nos u. 1.'),
(1252, 'Szombathelyi Kpt r', '9700', 'R k˘czi Ferenc u. 12.'),
(1253, 'Szombathelyi Siker Knyvt r AlapĄtv ny', '9700', 'Ady Endre tr 40.'),
(1254, 'SZOSZSZC Oladi Szakkpz Iskola Iskolai Knyvt ra', '9700', 'Simon Istv n u. 2-6.'),
(1255, 'Szlskislaki Fi˘kknyvt r', '8630', '0'),
(1256, 'SZTE ľllam- s Jogtudom nyi Kar KRE Kecskemti Kzs Jog szkpzs', '6000', 'K lvin tr 1.'),
(1257, 'SZTE Egszsgtudom nyi s Szoci lis Kpzsi Kar Knyvt ra', '6726', 'Temesv ri krt. 31.'),
(1258, 'Tahit˘tfalui Pollack Mih ly ľltal nos Iskola  Knyvt r s Zeneiskola - AlapfokŁ Művszeti Iskola', '2021', 'Bke Łt 14.'),
(1259, 'Tahy Olga V rosi Knyvt r', '3441', 'sszekt Łt 28.'),
(1260, 'Tak ts Gyula Megyei s V rosi Knyvt r', '7400', 'Csokonai u. 4.'),
(1261, 'Tak ts Gyula Megyei s V rosi Knyvt r. Petfi S ndor Emlkknyvt r', '7400', 'Honvd u. 1.'),
(1262, 'Tallinn Fi˘kknyvt r', '5000', 'dr. Balogh Bla u. 14.'),
(1263, 'T rk nyi Bla Knyvt r s Műveldsi H z', '4069', 'Hunyadi J. Łt 48/f'),
(1264, 'Tarnai N ndor V rosi Knyvt r s Kultur lis Intzmny', '7342', 'Szabads g u. 7.'),
(1265, 'Tarnarsi ŕvoda,Kzműveldsi Intzmny s Kzsgi Knyvt r', '3294', 'Erzsbet Łt 7.'),
(1266, 'T t V ros nkorm nyzat KultŁrh z s Knyvt r', '2534', 'M˘ricz Zs. u. 2/c'),
(1267, 'Tatab nya Megyei JogŁ V ros J˘zsef Attila Megyei s V rosi Knyvt r', '2800', 'F tr 2.'),
(1268, 'Tatab nya Megyei JogŁ V ros Levlt ra', '2800', 'Szent Istv n u. 21.'),
(1269, 'Tatab nyai Trvnyszk Knyvt ra', '2800', 'Kom romi Łt 4.'),
(1270, 'Tat rszentgyrgyi ľltal nos Műveldsi Kzpont  Műveldsi H z s Knyvt r', '2375', 'R k˘czi u. 19.'),
(1271, 'TľVSZAK Magyar T vkzlsi Dolgoz˘k Szakszervezete Kzműveldsi Knyvt r 2.', '1117', 'Fehrv ri Łt 68-70.'),
(1272, 'Teleki L szl˘ V rosi Knyvt r s Műveldsi Kzpont', '3060', 'Nagymez u. 3.'),
(1273, 'Termszetvdelmi Hivatal Knyvt ra', '1121', 'Klt u. 21'),
(1274, 'Tessedik S muel MŁzeum s Sz razmalom  V rosi Knyvt r', '5540', 'Vajda Pter u. 26.'),
(1275, 'Testnevelsi Egyetem Knyvt ra', '1123', 'Alkot s u. 44.'),
(1276, 'Teva Debrecen Kultur lis s Sport AlapĄtv ny Knyvt r', '4032', 'Pallagi u. 13.'),
(1277, 'Teva Gy˘gyszergy r Zrt.  Műszaki Knyvt r', '2100', 'T ncsics Mih ly Łt 82.'),
(1278, 'ThŁry Gyrgy MŁzeum Knyvt ra', '8800', 'ZrĄnyi u. 62.'),
(1279, 'THURY-VľR Kultur lis s Szolg ltat˘ KzhasznŁ Nonprofit Kft. KrŁdy Gyula V rosi Knyvt r', '8100', 'Szent Istv n u. 28.'),
(1280, 'Tiszaalp ri Pejtsik Bla Nagykzsgi s Iskolai Knyvt r', '6066', 'Alkotm ny u. 14.'),
(1281, 'Tiszadadai Holl˘ L szl˘ ľltal nos Iskola', '4455', 'Kossuth tr 3.'),
(1282, 'Tiszaluc Nagykzsg nkorm nyzat Nagykzsgi Knyvt ra', '3565', 'Szchenyi u. 2.'),
(1283, 'Tisz ntŁli Reform tus Egyh zkerleti Nagyknyvt r s Teol˘giai Szakknyvt r', '4026', 'K lvin tr 16.'),
(1284, 'Tiszasasi Műveldsi H z s Knyvt r', '5474', 'R k˘czi u. 20.'),
(1285, 'Tolna Megyei Illys Gyula Knyvt r', '7100', 'Szchenyi u. 51.'),
(1286, 'Tolna Megyei Illys Gyula Knyvt r Fi˘kknyvt ra', '7100', 'Dienes Valria u. 14.'),
(1287, 'Tomory Lajos Pedag˘giai s Helytrtneti Gyűjtemny Knyvt r', '1181', 'Kondor Bla st ny 10.'),
(1288, 'Tornyai J nos MŁzeum s Kzműveldsi Kzpont Knyvt ra', '6800', 'Dr. Rapcs k Andr s Łt 16-18.'),
(1289, 'T˘tkoml˘si ľltal nos Műveldsi Kzpont. V rosi Knyvt r', '5940', 'Erzsbet u. 2/a'),
(1290, 'Tkl V ros nkorm nyzat nak V rosi Műveldsi Kzpontja s Knyvt ra', '2316', 'Kossuth L. u. 66.'),
(1291, 'Trekvs Műveldsi Kzpont Knyvt r', '1101', 'Knyves K lm n krt. 25.'),
(1292, 'Tragor Ign c MŁzeum', '2600', 'ZrĄnyi utca 41/a'),
(1293, 'Trr Istv n MŁzeum', '6500', 'De k Ferenc u. 1.'),
(1294, 'éjbudai Pedag˘giai Intzet Knyvt ra', '1117', 'Ermű u. 4.'),
(1295, 'Ujv ry Ferenc Műveldsi H z s Knyvt r', '3016', 'Kossuth L. Łt 40.'),
(1296, 'Uzsoki utcai K˘rh z Orvosi Knyvt ra', '1146', 'Hung ria krt. 167-169.'),
(1297, 'Vachott S ndor V rosi Knyvt r. Fi˘kknyvt r', '3200', 'Plat n u. 2/2'),
(1298, 'V ci Egyh zmegyei Knyvt r', '2600', 'Migazzi K. tr 2.'),
(1299, 'Vakok Batthy ny L szl˘ R˘mai Katolikus ŕvoda ľltal nos Iskola Knyvt ra', '1125', 'M ty s kir ly Łt 29.'),
(1300, 'V rday Istv n V rosi Knyvt r', '4600', 'Fl˘ri n tr 19.'),
(1301, 'Varga Domokos ľltal nos Műveldsi Kzpont. Tin˘di Lantos Sebestyn Knyvt r s Műveldsi H z', '6090', 'Damjanich u. 7.'),
(1302, 'Vargha Gyula V rosi Knyvt r', '2225', 'Vasadi u. 1.'),
(1303, 'V rosfldi Klubknyvt r', '6033', 'Felszabadul s Łtja 6/a'),
(1304, 'V rosi s Iskolai Kzműveldsi Knyvt r', '4501', 'M˘ricz Zs. u. 47.'),
(1305, 'V rosi K˘rh z Keszthely Knyvt ra', '8360', 'Ady Endre u. 2.'),
(1306, 'V rosi Knyvt r', '3895', 'Kossuth L. u. 68.'),
(1307, 'V rosi Knyvt r', '8154', 'Kossuth Lajos u. 128.'),
(1308, 'V rosi Knyvt r', '7720', 'Pcsi u. 2.'),
(1309, 'V rosi Knyvt r', '9090', 'Petfi Łt 25/a'),
(1310, 'V rosi Knyvt r', '5331', 'Szent Istv n Łt 35.'),
(1311, 'V rosi Knyvt r', '2230', 'T ncsics M. Łt 43.'),
(1312, 'V rosi Knyvt r', '2481', 'T˘part u. 52.'),
(1313, 'V rosi Knyvt r s Inform ci˘s Kzpont', '5350', 'Petfi u. 15.'),
(1314, 'V rosi Knyvt r s Kzműveldsi Intzmny', '4243', 'Kossuth u. 66.'),
(1315, 'V rosi Knyvt r s Kzssgi H z', '2310', 'Tkli u. 19.'),
(1316, 'V rosi Knyvt r s Műveldsi H z', '4450', 'Kossuth u. 40.'),
(1317, 'V rosi Knyvt r s Műveldsi H z', '6237', 'Szabads g tr 17.'),
(1318, 'V rosi Knyvt r s Műveldsi Kzpont', '2760', 'D˘zsa Gy. Łt 15/a'),
(1319, 'V rosi Knyvt r s Műveldsi Kzpont', '5130', 'dr. Szlovencs k Imre Łt 2.'),
(1320, 'V rosi Knyvt r s Műveldsi-Felnttkpzsi Kzpont', '8790', 'Batthy ny u. 9.'),
(1321, 'V rosi Knyvt r J sz roksz ll s', '5123', 'Kzt rsas g tr 1.'),
(1322, 'V rosi Knyvt r Lenti', '8960', 'Templom tr 5.'),
(1323, 'V rosi Knyvt r Lenti K polnai Łti Fi˘kknyvt ra', '8960', 'K polnai u. 41.'),
(1324, 'V rosi Knyvt r Lenti Mih lyfai Łti Fi˘kknyvt ra', '8960', 'Mih lyfai u. 43.'),
(1325, 'V rosi Knyvt r Lenti Szombathelyi Łti Fi˘kknyvt ra', '8960', 'Szombathelyi u. 68.'),
(1326, 'V rosi Knyvt r NyĄrb tor', '4300', 'Szabads g tr 24.'),
(1327, 'V rosi Knyvt r Tab', '8660', 'Ady Endre u. 5.'),
(1328, 'V rosi Knyvt r Tiszafldv r', '5430', 'Kossuth L. Łt 115.'),
(1329, 'V rosi Műveldsi  Sportkzpont s Knyvt r', '2143', 'Szabads g Łt 48.'),
(1330, 'V rosi Műveldsi H z  Knyvt r s Szabadid Kzpont', '6230', 'Kossuth u. 10.'),
(1331, 'V rosi Műveldsi H z s Knyvt r', '5052', 'Damjanich u. 2.'),
(1332, 'V rosi Műveldsi H z s Knyvt r', '4110', 'Klcsey u. 7.'),
(1333, 'V rosi Műveldsi Kzpont s Knyvt r', '2651', 'R k˘czi Łt 26.'),
(1334, 'Vars ny Kzssgi H z s Knyvt r', '5085', 'R k˘czi Ferenc Łt 21.'),
(1335, 'Vas Gereben Műveldsi H z s Knyvt r', '8130', 'Kossuth L. u. 45.'),
(1336, 'Vas Gereben Műveldsi H z s Knyvt r. Kab˘kai Fi˘kknyvt r', '8130', 'Juh sz Gyula u. 33.'),
(1337, 'Vasas Kzponti Knyvt r AlapĄtv ny', '1086', 'Magdolna u. 5-7.'),
(1338, 'Vasasrt Egyeslet', '7691', 'Bencze J. u. 6.'),
(1339, 'Vasutasok Orsz gos Kzműveldsi s Szabadid Egyeslete Vasutas Műveldsi H z s Knyvt r', '5600', 'Andr ssy u. 79-81.'),
(1340, 'Vcsey K roly Műveldsi H z s Knyvt r', '6320', 'Posta u. 20.'),
(1341, 'Vpi Műveldsi H z s Knyvt r', '9751', 'Kolozsv ri u. 3/a'),
(1342, 'Verce Kzsg nkorm nyzat Műveldsi H z s Knyvt r', '2621', 'ľrp d Łt 21.'),
(1343, 'Verseghy Ferenc Knyvt r s Kzműveldsi Intzmny', '5000', 'Kossuth tr 2.'),
(1344, 'Veszprmi rseki Hittudom nyi Fiskola Knyvt ra', '8200', 'Jutasi Łt 18/2'),
(1345, 'Veszprmi rseki Knyvt r', '8200', 'V r u. 16.'),
(1346, 'Veszprmi Trvnyszk Knyvt ra', '8200', 'V r u. 19.'),
(1347, 'Vidkfejlesztsi Minisztrium Mezgazdas gi GpesĄtsi Intzet Szakknyvt r', '2100', 'Tessedik S muel u. 4.'),
(1348, 'Vik r Bla Műveldsi H z  Knyvt r s Helytrtneti Ki llĄt s', '6087', 'F u. 28.'),
(1349, 'Vitz S ghy Antal V rosi Knyvt r', '2541', 'Tulip n u. 57.'),
(1350, 'VOKE Vasutas Műveldsi H z s Knyvt r', '4400', 'Toldi u. 23.'),
(1351, 'VOKE Vrsmarty Mih ly Műveldsi H z Knyvt ra', '8000', 'Kaszap I. u. 6.'),
(1352, 'Volf Gyrgy Knyvt r s Helytrtneti Gyűjtemny', '2045', 'Munk csy M. u. 83.'),
(1353, 'Vrsmarty Mih ly Knyvt r', '8000', 'Bart˘k Bla tr 1.'),
(1354, 'Vrsmarty Mih ly V rosi Knyvt r s Kzműveldsi Intzmny', '6430', 'Hsk tere 10.'),
(1355, 'Wass Albert Knyvt r s MŁzeum', '8300', 'Bats nyi J. u. 1.'),
(1356, 'Wass Albert Kzsgi Knyvt r', '3275', 'ľrp d Łt 1/a'),
(1357, 'Wass Albert Műveldsi Kzpont s Knyvt r', '2241', 'Szent Istv n tr 7.'),
(1358, 'Wass Albert Műveldsi Kzpont s V rosi Knyvt r', '2870', 'V rosh z tr 1.'),
(1359, 'Wekerle S ndor zleti Fiskola Knyvt r', '1083', 'J zmin u. 10.'),
(1360, 'Wekerlei KultŁrh z s Knyvt r. Wekerlei Knyvt r', '1192', 'K˘s K roly tr 9.'),
(1361, 'Wesley J nos Lelkszkpz Fiskola Knyvt ra', '1086', 'Dank˘ u. 11.'),
(1362, 'Wesniczky Antal Műveldsi H z s Knyvt r Besenyszg', '5071', 'D˘zsa Gy. u. 2.'),
(1363, 'Wosinsky M˘r Megyei MŁzeum Knyvt r', '7100', 'Szent Istv n tr 26.'),
(1364, 'XIII. Tankerlet Prizma Egysges Gy˘gypedag˘giai M˘dszertani Intzmny Pedag˘giai Szolg ltat s Knyvt ra', '1134', 'V ci Łt 54.'),
(1365, 'Zajti Ferenc Helytrtneti Gyűjtemny  Műveldsi Kzpont s Knyvt r', '4244', 'Egszsgh z u. 2.'),
(1366, 'Z k nyszki Műveldsi H z s Knyvt r', '6787', 'D˘zsa Gyrgy u. 45.'),
(1367, 'Zala Megyei K˘rh z. Egszsggyi Szakknyvt r', '8900', 'ZrĄnyi M. Łt 1.'),
(1368, 'Zalaegerszegi Trvnyszk dr. Degr Alajos Jogi Szakknyvt r', '8900', 'V rkr 2.'),
(1369, 'Zalakarosi Kzssgi H z s Knyvt r', '8749', 'Liget u. 28.'),
(1370, 'Zam rdi Tourinform Iroda  Kzssgi H z s V rosi Knyvt r', '8621', 'F u. 115.'),
(1371, 'Zirci Ap ts g éjknyvt ra', '8420', 'R k˘czi tr 1'),
(1372, 'Zrumeczky Dezs Műveldsi H z s Knyvt r', '2365', 'Bajcsy-Zsilinszky u. 96.'),
(1373, 'Zs kai Kastlykerti ľltal nos Műveldsi Kzpont Knyvt ra', '4142', 'Klcsey u. 2.'),
(1374, 'Zs mbki Kzműveldsi Intzet s Knyvt r', '2072', 'Etyeki u. 2.'),
(1375, 'Zsigmond Kir ly Fiskola Knyvt ra', '1039', 'Kelta u. 2.');

-- --------------------------------------------------------

--
-- Tábla szerkezet ehhez a táblához `megyek`
--

CREATE TABLE `megyek` (
  `id` int(11) NOT NULL,
  `megyeNev` varchar(22) NOT NULL
) ENGINE=InnoDB DEFAULT CHARSET=utf8 COLLATE=utf8_hungarian_ci;

--
-- A tábla adatainak kiíratása `megyek`
--

INSERT INTO `megyek` (`id`, `megyeNev`) VALUES
(0, 'Budapest'),
(1, 'B cs-Kiskun'),
(2, 'Baranya'),
(3, 'Bks'),
(4, 'Borsod-AbaŁj-Zempln'),
(5, 'Csongr d'),
(6, 'Fejr'),
(7, 'Gyr-Moson-Sopron'),
(8, 'HajdŁ-Bihar'),
(9, 'Heves'),
(10, 'J sz-Nagykun-Szolnok'),
(11, 'Kom rom-Esztergom'),
(12, 'N˘gr d'),
(13, 'Pest'),
(14, 'Somogy'),
(15, 'Szabolcs-Szatm r-Bereg'),
(16, 'Tolna'),
(17, 'Vas'),
(18, 'Veszprm'),
(19, 'Zala');

-- --------------------------------------------------------

--
-- Tábla szerkezet ehhez a táblához `telepulesek`
--

CREATE TABLE `telepulesek` (
  `irsz` varchar(4) NOT NULL,
  `telepNev` varchar(19) NOT NULL,
  `megyeId` int(11) NOT NULL
) ENGINE=InnoDB DEFAULT CHARSET=utf8 COLLATE=utf8_hungarian_ci;

--
-- A tábla adatainak kiíratása `telepulesek`
--

INSERT INTO `telepulesek` (`irsz`, `telepNev`, `megyeId`) VALUES
('1011', 'Budapest', 0),
('1012', 'Budapest', 0),
('1013', 'Budapest', 0),
('1014', 'Budapest', 0),
('1015', 'Budapest', 0),
('1021', 'Budapest', 0),
('1022', 'Budapest', 0),
('1023', 'Budapest', 0),
('1024', 'Budapest', 0),
('1025', 'Budapest', 0),
('1027', 'Budapest', 0),
('1031', 'Budapest', 0),
('1032', 'Budapest', 0),
('1033', 'Budapest', 0),
('1035', 'Budapest', 0),
('1036', 'Budapest', 0),
('1037', 'Budapest', 0),
('1038', 'Budapest', 0),
('1039', 'Budapest', 0),
('1042', 'Budapest', 0),
('1046', 'Budapest', 0),
('1051', 'Budapest', 0),
('1052', 'Budapest', 0),
('1053', 'Budapest', 0),
('1054', 'Budapest', 0),
('1055', 'Budapest', 0),
('1056', 'Budapest', 0),
('1061', 'Budapest', 0),
('1062', 'Budapest', 0),
('1065', 'Budapest', 0),
('1067', 'Budapest', 0),
('1068', 'Budapest', 0),
('1072', 'Budapest', 0),
('1073', 'Budapest', 0),
('1074', 'Budapest', 0),
('1075', 'Budapest', 0),
('1077', 'Budapest', 0),
('1078', 'Budapest', 0),
('1081', 'Budapest', 0),
('1082', 'Budapest', 0),
('1083', 'Budapest', 0),
('1084', 'Budapest', 0),
('1085', 'Budapest', 0),
('1086', 'Budapest', 0),
('1087', 'Budapest', 0),
('1088', 'Budapest', 0),
('1089', 'Budapest', 0),
('1091', 'Budapest', 0),
('1092', 'Budapest', 0),
('1093', 'Budapest', 0),
('1094', 'Budapest', 0),
('1095', 'Budapest', 0),
('1096', 'Budapest', 0),
('1097', 'Budapest', 0),
('1098', 'Budapest', 0),
('1101', 'Budapest', 0),
('1102', 'Budapest', 0),
('1103', 'Budapest', 0),
('1105', 'Budapest', 0),
('1106', 'Budapest', 0),
('1108', 'Budapest', 0),
('1111', 'Budapest', 0),
('1112', 'Budapest', 0),
('1113', 'Budapest', 0),
('1114', 'Budapest', 0),
('1115', 'Budapest', 0),
('1116', 'Budapest', 0),
('1117', 'Budapest', 0),
('1118', 'Budapest', 0),
('1119', 'Budapest', 0),
('1121', 'Budapest', 0),
('1122', 'Budapest', 0),
('1123', 'Budapest', 0),
('1125', 'Budapest', 0),
('1126', 'Budapest', 0),
('1131', 'Budapest', 0),
('1133', 'Budapest', 0),
('1134', 'Budapest', 0),
('1135', 'Budapest', 0),
('1136', 'Budapest', 0),
('1138', 'Budapest', 0),
('1139', 'Budapest', 0),
('1141', 'Budapest', 0),
('1143', 'Budapest', 0),
('1144', 'Budapest', 0),
('1145', 'Budapest', 0),
('1146', 'Budapest', 0),
('1147', 'Budapest', 0),
('1148', 'Budapest', 0),
('1149', 'Budapest', 0),
('1153', 'Budapest', 0),
('1158', 'Budapest', 0),
('1162', 'Budapest', 0),
('1163', 'Budapest', 0),
('1165', 'Budapest', 0),
('1171', 'Budapest', 0),
('1181', 'Budapest', 0),
('1183', 'Budapest', 0),
('1185', 'Budapest', 0),
('1188', 'Budapest', 0),
('1191', 'Budapest', 0),
('1192', 'Budapest', 0),
('1201', 'Budapest', 0),
('1204', 'Budapest', 0),
('1213', 'Budapest', 0),
('1214', 'Budapest', 0),
('1215', 'Budapest', 0),
('1221', 'Budapest', 0),
('1222', 'Budapest', 0),
('1224', 'Budapest', 0),
('1238', 'Budapest', 0),
('2000', 'Szentendre', 13),
('2011', 'Budakal sz', 13),
('2013', 'Pom z', 13),
('2014', 'Csob nka', 13),
('2021', 'Tahit˘tfalu', 13),
('2024', 'Kisoroszi', 13),
('2025', 'Visegr d', 13),
('2026', 'Visegr d', 13),
('2030', 'rd', 13),
('2038', 'S˘skŁt', 13),
('2040', 'Budars', 13),
('2045', 'Trkb lint', 13),
('2049', 'Di˘sd', 13),
('2051', 'Biatorb gy', 13),
('2053', 'Herceghalom', 13),
('2060', 'Bicske', 6),
('2066', 'Sz r', 6),
('2071', 'P ty', 13),
('2072', 'Zs mbk', 13),
('2081', 'Piliscsaba', 13),
('2083', 'Solym r', 13),
('2084', 'Pilisszentiv n', 13),
('2085', 'Pilisvrsv r', 13),
('2086', 'Tinnye', 13),
('2087', 'Piliscsaba', 13),
('2091', 'Etyek', 6),
('2092', 'Budakeszi', 13),
('2093', 'Budajen', 13),
('2094', 'Nagykov csi', 13),
('2095', 'Pilissz nt˘', 13),
('2096', 'rm', 13),
('2097', 'Pilisborosjen', 13),
('2100', 'Gdll', 13),
('2111', 'Szada', 13),
('2112', 'Veresegyh z', 13),
('2113', 'Erdkertes', 13),
('2116', 'Zs mbok', 13),
('2117', 'Isaszeg', 13),
('2118', 'D ny', 13),
('2119', 'Pcel', 13),
('2120', 'Dunakeszi', 13),
('2131', 'Gd', 13),
('2132', 'Gd', 7),
('2141', 'Csmr', 13),
('2143', 'Kistarcsa', 13),
('2144', 'Kerepes', 13),
('2146', 'Mogyor˘d', 13),
('2151', 'F˘t', 13),
('2162', 'rbotty n', 13),
('2163', 'V cr t˘t', 13),
('2165', 'Kisnmedi', 13),
('2167', 'V cduka', 13),
('2170', 'Asz˘d', 13),
('2173', 'Kartal', 13),
('2175', 'K ll˘', 12),
('2176', 'Erdkrt', 12),
('2181', 'Iklad', 13),
('2183', 'Galgam csa', 13),
('2192', 'HvĄzgyrk', 13),
('2194', 'Tura', 13),
('2200', 'Monor', 13),
('2211', 'Vasad', 13),
('2212', 'Csvharaszt', 13),
('2214', 'P nd', 13),
('2217', 'Gomba', 13),
('2220', 'Vecss', 13),
('2225', 'll', 13),
('2230', 'Gymr', 13),
('2234', 'Magl˘d', 13),
('2235', 'Mende', 13),
('2241', 'Slys p', 13),
('2244', 'éri', 13),
('2251', 'T pi˘szecs', 13),
('2254', 'Szentm rtonk ta', 13),
('2300', 'R ckeve', 13),
('2309', 'L˘rv', 13),
('2310', 'Szigetszentmikl˘s', 13),
('2314', 'Hal sztelek', 13),
('2315', 'Szigethalom', 13),
('2316', 'Tkl', 13),
('2321', 'Szigetbecse', 13),
('2322', 'Mak d', 13),
('2330', 'Dunaharaszti', 13),
('2335', 'Taksony', 13),
('2336', 'Dunavars ny', 13),
('2340', 'Kiskunlach za', 13),
('2344', 'Dmsd', 13),
('2347', 'Bugyi', 13),
('2351', 'Als˘nmedi', 13),
('2360', 'Gy l', 13),
('2364', 'ŕcsa', 13),
('2365', 'In rcs', 13),
('2366', 'Kakucs', 13),
('2370', 'Dabas', 13),
('2375', 'Tat rszentgyrgy', 13),
('2377', 'rkny', 13),
('2381', 'T borfalva', 13),
('2400', 'DunaŁjv ros', 6),
('2421', 'Nagyvenyim', 6),
('2427', 'Baracs', 6),
('2431', 'Perk ta', 6),
('2440', 'Sz zhalombatta', 13),
('2443', 'Sz zhalombatta', 13),
('2451', 'Ercsi', 6),
('2454', 'Iv ncsa', 6),
('2457', 'Adony', 6),
('2459', 'R calm s', 6),
('2461', 'T rnok', 13),
('2462', 'Martonv s r', 6),
('2463', 'Tordas', 6),
('2471', 'Baracska', 6),
('2477', 'Vereb', 6),
('2481', 'Velence', 19),
('2483', 'G rdony', 6),
('2484', 'Ag rd', 6),
('2485', 'Dinnys', 6),
('2490', 'Pusztaszabolcs', 6),
('2500', 'Esztergom', 11),
('2510', 'Dorog', 11),
('2519', 'Piliscsv', 11),
('2534', 'T t', 11),
('2536', 'NyergesŁjfalu', 11),
('2541', 'L batlan', 11),
('2600', 'V c', 13),
('2621', 'Verce', 13),
('2623', 'Kismaros', 13),
('2626', 'Nagymaros', 13),
('2628', 'Szob', 13),
('2645', 'Nagyoroszi', 12),
('2651', 'Rts g', 12),
('2653', 'B nk', 12),
('2654', 'Romh ny', 12),
('2659', 'rsekvadkert', 12),
('2660', 'Balassagyarmat', 12),
('2685', 'N˘gr ds p', 12),
('2700', 'Cegld', 13),
('2711', 'T pi˘szentm rton', 13),
('2721', 'Pilis', 13),
('2724', 'éjlengyel', 13),
('2730', 'Albertirsa', 13),
('2735', 'D nszentmikl˘s', 13),
('2736', 'Mikebuda', 13),
('2740', 'Abony', 13),
('2746', 'J szkarajen', 13),
('2747', 'Trtel', 13),
('2750', 'Nagykrs', 13),
('2755', 'Kocsr', 13),
('2760', 'Nagyk ta', 13),
('2765', 'Farmos', 13),
('2766', 'T pi˘szele', 13),
('2768', 'éjszilv s', 13),
('2769', 'T pi˘szls', 13),
('2800', 'Tatab nya', 11),
('2840', 'Oroszl ny', 11),
('2870', 'Kisbr', 11),
('2890', 'Tata', 11),
('2900', 'Kom rom', 11),
('2921', 'Kom rom', 11),
('2931', 'Alm sfzit', 11),
('2941', 'ľcs', 11),
('2942', 'Nagyigm nd', 11),
('2943', 'B bolna', 11),
('2944', 'Bana', 11),
('3000', 'Hatvan', 9),
('3014', 'Hort', 9),
('3016', 'Boldog', 9),
('3021', 'Lrinci', 9),
('3042', 'Palot s', 12),
('3060', 'P szt˘', 12),
('3064', 'Szurdokpspki', 12),
('3070', 'B tonyterenye', 12),
('3100', 'Salg˘tarj n', 12),
('3109', 'Salg˘tarj n', 12),
('3121', 'SomoskŁjfalu', 12),
('3132', 'N˘gr dmegyer', 12),
('3141', 'Salg˘tarj n', 12),
('3170', 'Szcsny', 12),
('3200', 'Gyngys', 9),
('3211', 'Gyngysoroszi', 9),
('3221', 'Gyngys', 9),
('3231', 'Gyngyssolymos', 9),
('3244', 'Par d', 9),
('3247', 'M traballa', 9),
('3250', 'Pterv s ra', 9),
('3261', 'Abas r', 9),
('3262', 'Markaz', 9),
('3271', 'Visonta', 9),
('3273', 'Halmajugra', 9),
('3275', 'Detk', 9),
('3294', 'Tarnars', 9),
('3300', 'Eger', 9),
('3324', 'Felst rk ny', 9),
('3350', 'K l', 9),
('3351', 'Verpelt', 9),
('3355', 'K polna', 9),
('3356', 'Kompolt', 9),
('3358', 'Erdtelek', 9),
('3360', 'Heves', 9),
('3368', 'Bocon d', 9),
('3369', 'Tarnabod', 9),
('3377', 'Szihalom', 9),
('3385', 'Tiszan na', 9),
('3388', 'Poroszl˘', 9),
('3390', 'Fzesabony', 9),
('3396', 'Kerecsend', 9),
('3400', 'Mezkvesd', 4),
('3432', 'Emd', 4),
('3433', 'Nykl dh za', 4),
('3434', 'M lyi', 4),
('3441', 'Mezkeresztes', 4),
('3450', 'Mezcs t', 4),
('3515', 'Miskolc', 4),
('3524', 'Miskolc', 4),
('3525', 'Miskolc', 4),
('3526', 'Miskolc', 4),
('3528', 'Miskolc', 4),
('3529', 'Miskolc', 4),
('3530', 'Miskolc', 4),
('3532', 'Miskolc', 4),
('3534', 'Miskolc', 4),
('3561', 'Felszsolca', 4),
('3565', 'TiszalŁc', 4),
('3571', 'Als˘zsolca', 4),
('3580', 'TiszaŁjv ros', 4),
('3599', 'Saj˘szged', 4),
('3600', 'ŕzd', 4),
('3630', 'Putnok', 4),
('3642', 'B nhorv ti', 4),
('3671', 'Borsodn dasd', 4),
('3700', 'Kazincbarcika', 4),
('3711', 'Szirmabeseny', 4),
('3732', 'Kurity n', 4),
('3752', 'Szendr', 4),
('3770', 'Saj˘szentpter', 4),
('3780', 'Edelny', 4),
('3791', 'Saj˘keresztŁr', 4),
('3800', 'Sziksz˘', 4),
('3825', 'Rakaca', 4),
('3851', 'In ncs', 4),
('3860', 'Encs', 4),
('3895', 'Gnc', 4),
('3900', 'Szerencs', 4),
('3905', 'Monok', 4),
('3910', 'Tokaj', 4),
('3915', 'Tarcal', 4),
('3950', 'S rospatak', 4),
('3973', 'Cig nd', 4),
('3980', 'S toraljaŁjhely', 4),
('3997', 'NyĄri', 4),
('4012', 'Debrecen', 8),
('4024', 'Debrecen', 8),
('4025', 'Debrecen', 8),
('4026', 'Debrecen', 8),
('4027', 'Debrecen', 8),
('4028', 'Debrecen', 8),
('4029', 'Debrecen', 8),
('4030', 'Debrecen', 8),
('4031', 'Debrecen', 8),
('4032', 'Debrecen', 8),
('4033', 'Debrecen', 8),
('4044', 'Debrecen', 8),
('4060', 'BalmazŁjv ros', 8),
('4064', 'Nagyhegyes', 8),
('4065', 'éjszentmargita', 8),
('4069', 'Egyek', 8),
('4080', 'HajdŁn n s', 8),
('4087', 'HajdŁdorog', 8),
('4090', 'Polg r', 8),
('4100', 'Beretty˘Łjfalu', 8),
('4110', 'Biharkeresztes', 8),
('4125', 'Pocsaj', 8),
('4127', 'Nagykereki', 8),
('4130', 'Derecske', 8),
('4138', 'Kom di', 8),
('4142', 'Zs ka', 8),
('4150', 'Pspklad ny', 8),
('4161', 'B r nd', 8),
('4177', 'Fldes', 8),
('4181', 'N dudvar', 8),
('4183', 'Kaba', 8),
('4200', 'HajdŁszoboszl˘', 8),
('4211', 'Ebes', 8),
('4220', 'HajdŁbszrmny', 8),
('4233', 'Balk ny', 15),
('4242', 'HajdŁhadh z', 8),
('4243', 'Tgl s', 8),
('4244', 'éjfehrt˘', 15),
('4251', 'HajdŁs mson', 8),
('4253', 'NyĄradony', 8),
('4254', 'NyĄradony', 8),
('4262', 'NyĄracs d', 8),
('4273', 'HajdŁbagos', 8),
('4274', 'HosszŁp lyi', 8),
('4275', 'Monostorp lyi', 8),
('4281', 'Ltavrtes', 8),
('4283', 'Ltavrtes', 8),
('4287', 'V mosprcs', 8),
('4300', 'NyĄrb tor', 15),
('4311', 'NyĄrgyulaj', 15),
('4320', 'Nagyk ll˘', 15),
('4324', 'K ll˘semjn', 15),
('4325', 'Kislta', 15),
('4326', 'M riap˘cs', 15),
('4331', 'NyĄrcs sz ri', 15),
('4332', 'NyĄrderzs', 15),
('4336', 'r', 15),
('4355', 'Nagyecsed', 15),
('4356', 'NyĄrcsaholy', 15),
('4372', 'NyĄrbltek', 15),
('4400', 'NyĄregyh za', 15),
('4440', 'Tiszavasv ri', 15),
('4450', 'Tiszalk', 15),
('4455', 'Tiszadada', 15),
('4461', 'NyĄrtelek', 15),
('4465', 'Rakamaz', 15),
('4472', 'G vavencsell', 15),
('4484', 'Ibr ny', 15),
('4485', 'Nagyhal sz', 15),
('4492', 'Dombr d', 15),
('4494', 'Kkcse', 15),
('4501', 'Kemecse', 15),
('4515', 'Kk', 15),
('4516', 'Demecser', 15),
('4517', 'Ggny', 15),
('4524', 'Ajak', 15),
('4544', 'NyĄrkar sz', 15),
('4546', 'Anarcs', 15),
('4561', 'Baktal˘r nth za', 15),
('4564', 'NyĄrmada', 15),
('4600', 'Kisv rda', 15),
('4621', 'Fnyeslitke', 15),
('4644', 'M ndok', 15),
('4700', 'M tszalka', 15),
('4765', 'Csenger', 15),
('4800', 'V s rosnamny', 15),
('4900', 'Fehrgyarmat', 15),
('4901', 'Fehrgyarmat', 15),
('4931', 'Tarpa', 15),
('4965', 'Klcse', 15),
('5000', 'Szolnok', 10),
('5008', 'Szolnok', 10),
('5051', 'Zagyvarkas', 10),
('5052', 'éjsz sz', 10),
('5055', 'J szlad ny', 10),
('5071', 'Besenyszg', 10),
('5081', 'Szajol', 10),
('5083', 'Kengyel', 10),
('5085', 'R k˘czifalva', 10),
('5091', 'T˘szeg', 10),
('5100', 'J szberny', 10),
('5111', 'J szfelsszentgyrg', 10),
('5123', 'J sz roksz ll s', 10),
('5126', 'J szfnyszaru', 10),
('5130', 'J szap ti', 10),
('5136', 'J szszentandr s', 10),
('5137', 'J szkisr', 10),
('5152', 'Portelek', 10),
('5200', 'Trkszentmikl˘s', 10),
('5231', 'Fegyvernek', 10),
('5244', 'Tiszaszls', 10),
('5300', 'Karcag', 10),
('5310', 'KisŁjsz ll s', 10),
('5321', 'Kunmadaras', 10),
('5331', 'Kenderes', 10),
('5340', 'Kunhegyes', 10),
('5350', 'Tiszafred', 10),
('5363', 'Nagyiv n', 10),
('5400', 'MeztŁr', 10),
('5420', 'TŁrkeve', 10),
('5430', 'Tiszafldv r', 10),
('5435', 'Martfű', 10),
('5440', 'Kunszentm rton', 10),
('5451', 'csd', 10),
('5465', 'Cserkeszl', 10),
('5471', 'Tiszakrt', 10),
('5474', 'Tiszasas', 10),
('5500', 'Gyomaendrd', 3),
('5510', 'Dvav nya', 3),
('5516', 'Krslad ny', 3),
('5520', 'Szeghalom', 3),
('5525', 'Fzesgyarmat', 3),
('5530', 'Vszt', 3),
('5540', 'Szarvas', 3),
('5553', 'Kondoros', 3),
('5561', 'Bksszentandr s', 3),
('5600', 'Bkscsaba', 3),
('5624', 'Doboz', 3),
('5630', 'Bks', 3),
('5650', 'Mezberny', 3),
('5661', 'éjkĄgy˘s', 3),
('5666', 'Medgyesegyh za', 3),
('5700', 'Gyula', 3),
('5711', 'Gyula', 3),
('5712', 'SzabadkĄgy˘s', 3),
('5720', 'Sarkad', 3),
('5742', 'Elek', 3),
('5800', 'Mezkov csh za', 3),
('5820', 'Mezhegyes', 3),
('5830', 'Battonya', 3),
('5900', 'Orosh za', 3),
('5919', 'Pusztafldv r', 3),
('5920', 'Csorv s', 3),
('5931', 'Nagyszn s', 3),
('5940', 'T˘tkoml˘s', 3),
('6000', 'Kecskemt', 1),
('6008', 'Kecskemt', 1),
('6033', 'V rosfld', 1),
('6034', 'Helvcia', 1),
('6041', 'Kerekegyh za', 1),
('6044', 'Kecskemt', 1),
('6050', 'Lajosmizse', 1),
('6060', 'Tiszakcske', 1),
('6065', 'Lakitelek', 1),
('6066', 'Tiszaalp r', 1),
('6070', 'Izs k', 1),
('6080', 'Szabadsz ll s', 1),
('6085', 'Flpsz ll s', 1),
('6087', 'Dunavecse', 1),
('6090', 'Kunszentmikl˘s', 1),
('6100', 'Kiskunflegyh za', 1),
('6114', 'Bugac', 1),
('6115', 'Kunsz ll s', 1),
('6120', 'Kiskunmajsa', 1),
('6200', 'Kiskrs', 1),
('6230', 'Soltvadkert', 1),
('6237', 'Kecel', 1),
('6300', 'Kalocsa', 1),
('6311', 'regcsert', 1),
('6320', 'Solt', 1),
('6328', 'Dunapataj', 1),
('6343', 'Miske', 1),
('6345', 'Nemesn dudvar', 1),
('6347', 'rsekcsan d', 1),
('6400', 'Kiskunhalas', 1),
('6411', 'Zsana', 1),
('6412', 'Balotasz ll s', 1),
('6421', 'Kissz ll s', 1),
('6430', 'B csalm s', 1),
('6440', 'J noshalma', 1),
('6500', 'Baja', 1),
('6600', 'Szentes', 5),
('6622', 'Nagym gocs', 5),
('6625', 'F bi nsebestyn', 5),
('6630', 'Mindszent', 5),
('6636', 'M rtly', 5),
('6640', 'Csongr d', 5),
('6647', 'Csanytelek', 5),
('6648', 'Csongr d-Bokros', 5),
('6720', 'Szeged', 5),
('6721', 'Szeged', 5),
('6722', 'Szeged', 5),
('6723', 'Szeged', 5),
('6724', 'Szeged', 5),
('6725', 'Szeged', 5),
('6726', 'Szeged', 5),
('6727', 'Szeged', 5),
('6729', 'Szeged', 5),
('6750', 'Algy', 5),
('6753', 'Szeged', 5),
('6758', 'Rszke', 5),
('6760', 'Kistelek', 5),
('6762', 'S ndorfalva', 5),
('6763', 'Szatymaz', 5),
('6764', 'Bal stya', 5),
('6771', 'Szeged', 5),
('6772', 'Deszk', 5),
('6781', 'Domaszk', 5),
('6782', 'M˘rahalom', 5),
('6786', 'Ruzsa', 5),
('6787', 'Z k nyszk', 5),
('6791', 'Szeged', 5),
('6792', 'Zsomb˘', 5),
('6794', 'lls', 5),
('6795', 'Bord ny', 5),
('6800', 'H˘dmezv s rhely', 5),
('6900', 'Mak˘', 5),
('6913', 'Csan dpalota', 5),
('7000', 'S rbog rd', 6),
('7011', 'Alap', 6),
('7017', 'Mezszilas', 6),
('7020', 'Dunafldv r', 16),
('7027', 'Paks', 16),
('7030', 'Paks', 16),
('7041', 'Vajta', 6),
('7064', 'Gynk', 16),
('7081', 'Simontornya', 16),
('7090', 'Tam si', 16),
('7100', 'Szeksz rd', 16),
('7130', 'Tolna', 16),
('7133', 'Fadd', 16),
('7140', 'B taszk', 16),
('7150', 'Bonyh d', 16),
('7200', 'Domb˘v r', 16),
('7257', 'Mosd˘s', 14),
('7275', 'Igal', 14),
('7300', 'Koml˘', 2),
('7342', 'M gocs', 2),
('7355', 'Nagym nyok', 16),
('7370', 'S sd', 2),
('7381', 'ľg', 2),
('7400', 'Kaposv r', 14),
('7431', 'Juta', 14),
('7457', 'Ecseny', 14),
('7500', 'Nagyat d', 14),
('7514', 'Tarany', 14),
('7521', 'Kaposmr', 14),
('7530', 'KadarkŁt', 14),
('7535', 'Lad', 14),
('7561', 'Nagybajom', 14),
('7570', 'Barcs', 14),
('7621', 'Pcs', 2),
('7622', 'Pcs', 2),
('7623', 'Pcs', 2),
('7624', 'Pcs', 2),
('7626', 'Pcs', 2),
('7632', 'Pcs', 2),
('7633', 'Pcs', 2),
('7691', 'Pcs', 2),
('7700', 'Moh cs', 2),
('7720', 'Pcsv rad', 2),
('7754', 'B˘ly', 2),
('7759', 'L nycs˘k', 2),
('7761', 'Koz rmisleny', 2),
('7800', 'Sikl˘s', 2),
('7815', 'Hark ny', 2),
('7827', 'Beremend', 2),
('7900', 'Szigetv r', 2),
('7923', 'Patapoklosi', 2),
('7934', 'Almamellk', 2),
('7940', 'Szentlrinc', 2),
('7960', 'Sellye', 2),
('8000', 'Szkesfehrv r', 6),
('8041', 'Cs˘r', 6),
('8044', 'Kincsesb nya', 6),
('8052', 'Fehrv rcsurg˘', 6),
('8053', 'Bodajk', 6),
('8060', 'M˘r', 6),
('8083', 'Cs kv r', 6),
('8100', 'V rpalota', 18),
('8105', 'Ptfrd', 18),
('8111', 'Sereglyes', 6),
('8112', 'ZichyŁjfalu', 6),
('8124', 'K loz', 6),
('8127', 'Aba', 6),
('8130', 'Enying', 6),
('8132', 'Lepsny', 6),
('8133', 'Mezszentgyrgy', 6),
('8135', 'Dg', 6),
('8151', 'Szabadbatty n', 6),
('8154', 'Polg rdi', 6),
('8156', 'Kisl ng', 6),
('8163', 'Csaj g', 18),
('8174', 'Balatonkenese', 18),
('8181', 'Berhida', 18),
('8182', 'Berhida', 18),
('8183', 'Papkeszi', 18),
('8184', 'Balatonfűzf', 18),
('8200', 'Veszprm', 18),
('8220', 'Balatonalm di', 18),
('8230', 'Balatonfred', 18),
('8237', 'Tihany', 18),
('8253', 'Rvflp', 18),
('8258', 'Badacsonytomaj', 18),
('8300', 'Tapolca', 18),
('8313', 'Balatongyrk', 19),
('8314', 'Vonyarcvashegy', 19),
('8315', 'Gyenesdi s', 19),
('8330', 'Smeg', 18),
('8360', 'Keszthely', 19),
('8373', 'Rezi', 19),
('8380', 'HvĄz', 19),
('8400', 'Ajka', 18),
('8420', 'Zirc', 18),
('8447', 'Ajka-Ajkarendek', 18),
('8451', 'Ajka', 18),
('8460', 'Devecser', 18),
('8500', 'P pa', 18),
('8596', 'P pakov csi', 18),
('8600', 'Si˘fok', 14),
('8621', 'Zam rdi', 14),
('8630', 'Balatonbogl r', 14),
('8638', 'Balatonlelle', 14),
('8640', 'Fony˘d', 14),
('8648', 'BalatonkeresztŁr', 14),
('8649', 'Balatonberny', 14),
('8660', 'Tab', 14),
('8685', 'Gam s', 14),
('8693', 'Lengyelt˘ti', 14),
('8700', 'Marcali', 14),
('8705', 'Somogyszentp l', 14),
('8713', 'Kthely', 14),
('8733', 'Somogys mson', 14),
('8734', 'Somogyzsitfa', 14),
('8741', 'B˘kah za', 19),
('8749', 'Zalakaros', 19),
('8790', 'Zalaszentgr˘t', 19),
('8800', 'Nagykanizsa', 19),
('8840', 'Csurg˘', 14),
('8858', 'Porrog', 14),
('8868', 'Letenye', 19),
('8900', 'Zalaegerszeg', 19),
('8960', 'Lenti', 19),
('8989', 'Dobronhegy', 19),
('8992', 'Boncodflde', 19),
('8999', 'Zalalv', 19),
('9011', 'Gyr', 7),
('9012', 'Gyr-Mnfcsanak', 7),
('9021', 'Gyr', 7),
('9022', 'Gyr', 7),
('9024', 'Gyr', 7),
('9025', 'Gyr', 7),
('9026', 'Gyr', 7),
('9027', 'Gyr', 7),
('9028', 'Gyr', 7),
('9081', 'GyrŁjbar t', 7),
('9082', 'NyŁl', 7),
('9090', 'Pannonhalma', 7),
('9100', 'Tt', 7),
('9200', 'Mosonmagyar˘v r', 7),
('9222', 'Hegyeshalom', 7),
('9241', 'J nossomorja', 7),
('9245', 'Mosonszolnok', 7),
('9300', 'Csorna', 7),
('9317', 'Szany', 7),
('9330', 'Kapuv r', 7),
('9343', 'Beled', 7),
('9374', 'Iv n', 7),
('9400', 'Sopron', 7),
('9421', 'Fertr kos', 7),
('9422', 'Harka', 7),
('9444', 'Fertszentmikl˘s', 7),
('9500', 'Celldmlk', 17),
('9545', 'J nosh za', 17),
('9600', 'S rv r', 17),
('9608', 'S rv r', 17),
('9632', 'Sajtosk l', 17),
('9653', 'Rpcelak', 17),
('9700', 'Szombathely', 17),
('9721', 'Gencsap ti', 17),
('9730', 'Kszeg', 17),
('9735', 'Csepreg', 17),
('9737', 'Bk', 17),
('9740', 'Bkfrd', 17),
('9751', 'Vp', 17),
('9761', 'T pl nszentkereszt', 17),
('9800', 'Vasv r', 17),
('9900', 'Krmend', 17),
('9941', 'riszentpter', 17),
('9970', 'Szentgotth rd', 17);

--
-- Indexek a kiírt táblákhoz
--

--
-- A tábla indexei `konyvtarak`
--
ALTER TABLE `konyvtarak`
  ADD PRIMARY KEY (`id`),
  ADD KEY `fk_konyvtarTelepules` (`irsz`);

--
-- A tábla indexei `megyek`
--
ALTER TABLE `megyek`
  ADD PRIMARY KEY (`id`);

--
-- A tábla indexei `telepulesek`
--
ALTER TABLE `telepulesek`
  ADD PRIMARY KEY (`irsz`),
  ADD KEY `fk_telepulesMegye` (`megyeId`);

--
-- Megkötések a kiírt táblákhoz
--

--
-- Megkötések a táblához `konyvtarak`
--
ALTER TABLE `konyvtarak`
  ADD CONSTRAINT `fk_konyvtarTelepules` FOREIGN KEY (`irsz`) REFERENCES `telepulesek` (`irsz`);

--
-- Megkötések a táblához `telepulesek`
--
ALTER TABLE `telepulesek`
  ADD CONSTRAINT `fk_telepulesMegye` FOREIGN KEY (`megyeId`) REFERENCES `megyek` (`id`);
COMMIT;

/*!40101 SET CHARACTER_SET_CLIENT=@OLD_CHARACTER_SET_CLIENT */;
/*!40101 SET CHARACTER_SET_RESULTS=@OLD_CHARACTER_SET_RESULTS */;
/*!40101 SET COLLATION_CONNECTION=@OLD_COLLATION_CONNECTION */;
